start_year,name,end_year,losses,bowl_games,bowl_wins,years_active,bowl_losses,wins,games
1902,eli-abbott-1,1902,4,0,0,1,0,4,8
1928,earl-abell-1,1930,12,0,0,3,0,14,28
1923,earl-able-1,1924,6,0,0,2,0,10,18
1890,george-adams-1,1892,2,0,0,3,0,34,36
1940,hobbs-adams-1,1946,21,0,0,3,0,4,27
2011,steve-addazio-1,2013,17,2,1,3,1,20,37
1964,alex-agase-1,1976,83,0,0,13,0,50,135
1949,phil-ahwesh-1,1949,6,0,0,1,0,3,9
1946,jim-aiken-1,1950,22,1,0,5,1,28,50
1975,fred-akers-1,1990,75,10,2,16,8,108,186
2007,robb-akey-1,2012,50,1,1,6,0,20,70
1978,ray-alborn-1,1983,53,0,0,6,0,13,66
1877,luman-aldrich-1,1877,3,0,0,1,0,0,3
1923,sm-alexander-1,1923,4,0,0,1,0,5,9
1920,william-alexander-1,1944,95,5,3,25,2,134,244
1990,george-allen-3,1990,5,0,0,1,0,6,11
1927,george-allen-2,1932,32,0,0,6,0,9,42
1920,phog-allen-1,1920,2,0,0,1,0,5,8
1996,pokey-allen-1,1996,1,0,0,1,0,1,2
1997,terry-allen-1,2001,33,0,0,5,0,20,53
1911,dave-allerdice-1,1915,7,0,0,5,0,33,40
1973,tom-alley-1,1974,13,0,0,2,0,9,22
1920,stub-allison-1,1944,47,1,1,11,0,59,108
1981,billy-alton-1,1981,8,0,0,1,0,1,9
1990,barry-alvarez-1,2012,75,12,8,17,4,117,196
2000,chuck-amato-1,2006,37,5,4,7,1,49,86
1956,paul-amen-1,1959,26,0,0,4,0,11,40
1892,knowlton-ames-1,1892,3,0,0,1,0,13,18
1929,william-amos-1,1931,8,0,0,3,0,17,28
2001,tom-amstutz-1,2008,41,4,2,8,2,58,99
2009,gary-andersen-1,2013,28,2,1,5,1,35,63
1984,dick-anderson-1,1989,34,0,0,6,0,27,65
1938,edward-anderson-1,1964,94,0,0,24,0,125,225
1919,frank-anderson-2,1919,5,0,0,1,0,3,9
1919,frank-anderson-1,1920,10,0,0,2,0,6,18
1965,harry-anderson-1,1968,26,0,0,4,0,13,39
1931,hunk-anderson-1,1936,26,0,0,6,0,27,56
1918,john-anderson-2,1981,34,0,0,10,0,52,89
1927,lew-andreas-1,1929,10,0,0,3,0,15,28
1913,w-gresham-andrews-1,1913,2,0,0,1,0,5,8
1962,dee-andros-1,1975,80,0,0,14,0,62,144
1986,moe-ankney-1,1990,31,0,0,5,0,20,54
1963,william-ankney-1,1964,14,0,0,2,0,4,20
1937,garrett-arbelbide-1,1939,17,0,0,3,0,8,27
1914,phillip-arbuckle-1,1923,23,0,0,9,0,44,75
1987,mike-archer-1,1990,18,2,1,4,1,27,46
1983,bruce-arians-1,1988,39,0,0,6,0,27,66
1925,ike-armstrong-1,1949,55,1,1,25,0,141,211
1984,bill-arnsparger-1,1986,8,3,0,3,3,26,36
1998,dave-arslanian-1,1999,15,0,0,2,0,7,22
1973,sarkis-arslanian-1,1981,47,0,0,9,0,45,96
1949,charles-atkinson-1,1955,49,0,0,7,0,18,70
1992,chris-ault-1,2012,56,10,2,12,8,95,151
1980,joe-avezzano-1,1984,47,0,0,5,0,6,55
1934,joe-bach-1,1934,2,0,0,1,0,8,10
1919,charlie-bachman-1,1946,62,1,0,22,1,105,186
1905,walter-bachman-1,1906,3,0,0,2,0,13,16
1918,ah-badenoch-1,1918,4,0,0,1,0,0,4
1945,chuck-baer-1,1950,21,0,0,6,0,35,57
2004,kent-baer-1,2012,1,2,1,2,1,1,2
1921,enoch-bagshaw-1,1929,21,2,0,9,1,64,91
1986,charlie-bailey-1,1999,73,0,0,10,0,31,106
2007,david-bailiff-1,2013,48,2,2,7,0,40,88
1892,ag-baillet-1,1892,2,0,0,1,0,8,10
1973,art-baker-1,1988,74,0,0,13,0,64,143
1940,edward-baker-1,1940,5,0,0,1,0,3,8
1942,john-baker-1,1952,36,0,0,6,0,23,61
1997,dave-baldwin-1,2000,27,0,0,4,0,18,45
1922,james-baldwin-1,1927,17,0,0,4,0,16,38
1999,jerry-baldwin-1,2001,27,0,0,3,0,6,33
1893,dm-balliet-1,1901,10,0,0,4,0,22,34
1935,ted-bank-1,1940,32,0,0,6,0,18,54
1910,laurence-bankart-1,1916,7,0,0,5,0,28,38
1986,chuck-banker-1,1986,1,0,0,1,0,1,2
1918,mark-banks-2,1925,25,0,0,8,0,38,67
1898,wh-bannard-1,1898,4,0,0,1,0,9,14
1892,frank-barbour-1,1893,8,0,0,2,0,14,22
1908,george-barclay-1,1955,32,1,0,7,1,34,70
1976,doug-barfield-1,1980,27,0,0,5,0,27,55
2011,george-barlow-1,2011,7,0,0,1,0,1,8
1904,charles-barnard-1,1904,5,0,0,1,0,1,6
1958,bill-barnes-1,1964,34,1,0,7,1,31,68
1942,willis-barnes-1,1946,18,2,1,4,0,16,39
1992,gary-barnett-1,2005,83,6,2,14,4,84,168
1941,john-barnhill-1,1949,22,4,2,8,1,54,81
1918,irving-barron-1,1918,0,0,0,1,0,4,4
1941,sam-barry-1,1941,6,0,0,1,0,2,9
1908,tom-barry-1,1910,4,0,0,3,0,9,16
1945,doby-bartling-1,1945,6,0,0,1,0,3,9
1974,gil-bartosh-1,1976,28,0,0,3,0,6,34
1951,marvin-bass-1,1965,32,0,0,6,0,24,60
1960,john-bateman-1,1972,51,0,0,13,0,73,124
1903,billy-bates-1,1903,3,0,0,1,0,4,7
1977,charlie-bates-1,1977,3,0,0,1,0,3,7
1904,wp-bates-1,1904,10,0,0,1,0,0,10
2013,mike-bath-1,2013,7,0,0,1,0,0,7
1970,bill-battle-1,1976,22,5,4,7,1,59,83
1955,sammy-baugh-1,1959,28,1,0,5,1,23,51
1947,reaves-baysinger-1,1948,14,0,0,2,0,4,18
1896,joseph-beacham-1,1911,4,0,0,2,0,11,17
1969,bill-beall-1,1971,28,0,0,3,0,3,31
1987,frank-beamer-1,2013,109,21,9,27,12,224,335
1925,ernest-bearg-1,1935,13,0,0,5,0,27,43
2009,tim-beckman-1,2013,34,1,0,5,1,27,61
1949,joe-bedenk-1,1949,4,0,0,1,0,5,9
1975,dick-bedesem-1,1980,35,0,0,6,0,30,66
1979,larry-beightol-1,1979,9,0,0,1,0,1,10
1960,alex-bell-1,1966,30,2,1,7,1,35,65
1929,madison-bell-1,1949,61,3,1,17,1,103,175
1923,matty-bell-1,1928,17,0,0,6,0,33,55
1982,richard-bell-1,1982,7,0,0,1,0,4,11
1972,emory-bellard-1,1985,69,5,2,14,3,85,154
1995,mike-bellotti-1,2008,55,12,6,14,6,116,171
1908,john-bender-1,1920,16,0,0,6,0,31,53
1939,chet-benefiel-1,1940,8,0,0,2,0,11,20
1909,christie-benet-1,1909,6,0,0,1,0,2,8
1923,ms-bennett-1,1928,32,0,0,6,0,20,54
2002,phil-bennett-1,2010,52,1,1,7,0,19,71
1910,fred-bennion-1,1913,8,0,0,4,0,16,27
1902,martin-bergen-1,1905,13,0,0,3,0,14,30
1981,jerry-berndt-1,1992,69,0,0,8,0,18,87
1917,charles-bernier-1,1938,17,0,0,5,0,23,42
1908,frank-berrien-1,1910,5,0,0,3,0,21,29
1904,t-berry-1,1904,2,0,0,1,0,5,7
2000,todd-berry-1,2013,68,1,0,8,1,28,96
1911,tom-berry-1,1911,2,0,0,1,0,5,8
1917,punk-berryman-1,1917,5,0,0,1,0,3,8
1902,charles-best-1,1902,2,0,0,1,0,7,10
1976,dick-bestwick-1,1981,49,0,0,6,0,16,66
1908,hugo-bezdek-1,1929,46,2,1,19,1,105,164
2012,dana-bible-2,2012,1,1,0,1,1,0,1
1915,dana-bible-1,1946,69,4,3,31,0,190,281
1915,wb-bible-1,1915,3,0,0,1,0,5,8
1981,jack-bicknell-1,1990,55,4,2,10,2,59,115
1999,jack-bicknell-2,2006,52,1,0,8,1,43,95
2006,bret-bielema-1,2013,33,6,2,8,4,71,104
1925,bernie-bierman-1,1950,56,1,0,24,1,144,209
1908,l-horatio-biglow-1,1908,1,0,0,1,0,7,9
1962,edward-biles-1,1968,28,0,0,7,0,39,70
1916,gm-billings-1,1916,3,0,0,1,0,3,6
1945,mel-binford-1,1945,4,0,0,1,0,6,10
1946,paul-bixler-1,1951,30,0,0,6,0,18,52
1950,liz-blackbourn-1,1960,30,0,0,6,0,24,58
1955,george-blackburn-1,1970,60,0,0,12,0,53,119
1978,ron-blackledge-1,1980,25,0,0,3,0,8,33
1953,bob-blackman-1,1981,106,0,0,29,0,164,277
1991,gary-blackney-1,2000,50,2,2,10,0,60,112
1934,red-blaik-1,1958,48,0,0,25,0,166,228
1996,john-blake-1,1998,22,0,0,3,0,12,34
2001,larry-blakeney-1,2013,75,5,2,13,3,83,158
1907,jm-blanchard-1,1907,5,0,0,1,0,1,6
1940,okie-blanchard-1,1940,7,0,0,1,0,1,9
2011,bill-blankenship-1,2013,17,2,1,3,1,22,39
1917,wc-bleamaster-1,1917,3,0,0,1,0,2,5
1893,laurie-bliss-1,1895,11,0,0,2,0,7,18
1903,wb-blount-1,1904,7,0,0,2,0,10,17
1993,john-bobo-1,1996,30,0,0,4,0,13,44
1908,branch-bocock-1,1926,24,0,0,10,0,58,86
1928,george-bohler-1,1929,11,0,0,2,0,3,14
1967,tom-boisture-1,1968,11,0,0,2,0,8,20
1914,daddy-boles-1,1917,9,0,0,2,0,7,19
1918,jay-bond-1,1918,2,0,0,1,0,2,4
1973,jr-boone-1,1975,24,0,0,3,0,10,34
1900,walter-booth-1,1905,8,0,0,6,0,46,55
1902,ws-boreland-1,1902,1,0,0,1,0,6,7
1970,bobby-bowden-1,2009,124,33,22,40,10,357,485
1993,terry-bowden-1,2013,35,3,2,8,1,53,89
1997,tommy-bowden-1,2008,49,8,3,12,5,90,139
1990,jeff-bower-1,2007,84,11,6,18,5,118,203
1939,charles-bowser-1,1942,20,0,0,4,0,14,35
1956,sam-boyd-1,1958,15,1,1,3,0,15,31
1904,robert-boyers-1,1905,6,0,0,2,0,11,18
1899,sam-boyle-1,1900,11,0,0,2,0,9,20
1902,lw-boynton-1,1904,13,0,0,3,0,15,29
1973,jim-bradley-1,1977,31,0,0,5,0,23,55
2011,tom-bradley-1,2011,3,1,0,1,1,1,4
1962,charley-bradshaw-1,1968,41,0,0,7,0,25,70
1972,jim-brakefield-1,1979,45,0,0,8,0,40,88
2003,gregg-brandon-1,2008,30,3,2,6,1,44,74
1954,terry-brennan-1,1958,18,0,0,5,0,32,50
1980,billy-brewer-1,1993,69,5,3,13,2,75,148
1902,ja-brewin-1,1902,5,0,0,1,0,3,9
2007,tim-brewster-1,2010,30,2,0,4,2,15,45
1946,frank-brickey-1,1946,2,0,0,1,0,5,9
1909,ae-brides-1,1910,8,0,0,2,0,8,16
1959,john-bridgers-1,1968,53,3,2,10,1,49,103
1920,frank-bridges-1,1925,18,0,0,6,0,35,59
2003,art-briles-1,2013,61,7,2,11,5,78,139
1940,marty-brill-1,1941,12,0,0,2,0,8,20
1935,wh-britton-1,1935,5,0,0,1,0,4,9
2007,stan-brock-1,2008,18,0,0,2,0,6,24
1950,robert-bronzan-1,1956,30,0,0,7,0,32,67
1903,george-brooke-1,1915,25,0,0,9,0,52,82
2004,jd-brookhart-1,2009,42,1,0,6,1,30,72
1977,rich-brooks-1,2009,156,8,4,25,4,130,290
1894,william-brooks-1,1894,2,0,0,1,0,11,13
1946,john-brothers-1,1952,25,1,0,7,1,45,74
1945,babe-brown-1,1946,15,0,0,2,0,2,17
1909,buster-brown-1,1909,3,0,0,1,0,4,9
1920,charles-brown-4,1922,9,0,0,2,0,8,18
1948,earl-brown-1,1950,22,0,0,3,0,3,29
1899,fred-brown-1,1900,8,0,0,2,0,12,20
1909,gus-brown-1,1909,2,0,0,1,0,5,8
1985,mack-brown-1,2013,117,21,13,29,8,238,356
1941,paul-brown-1,1943,8,0,0,3,0,18,27
1908,rm-brown-1,1908,4,0,0,1,0,5,9
1902,rr-brown-1,1909,9,0,0,4,0,15,27
1904,robert-brown-1,1904,2,0,0,1,0,5,9
1983,watson-brown-1,2006,137,1,0,19,1,75,213
1991,willie-brown-1,1991,9,0,0,1,0,2,11
1957,frank-broyles-1,1976,62,10,4,20,6,149,217
1973,earle-bruce-1,1992,82,11,6,19,5,139,223
1956,milt-bruhn-1,1966,45,2,0,11,2,52,103
1950,mike-brumbelow-1,1956,24,3,2,7,1,46,73
1945,bear-bryant-1,1982,85,29,15,38,12,323,425
1985,cleve-bryant-1,1989,44,0,0,5,0,9,55
1913,harry-buckingham-1,1914,5,0,0,2,0,10,15
1897,william-bull-1,1897,4,0,0,1,0,6,10
1904,matthew-bullock-1,1904,2,0,0,1,0,5,8
2001,john-bunting-1,2006,45,2,1,6,1,27,72
1979,brian-burke-1,1984,34,0,0,6,0,31,66
1907,luther-burleson-1,1907,3,0,0,1,0,4,8
1942,elmer-burnham-1,1943,8,0,0,2,0,10,18
1973,frank-burns-1,1983,43,1,0,11,1,78,122
1961,jerry-burns-1,1965,27,0,0,5,0,16,45
2000,keith-burns-1,2002,28,0,0,3,0,7,35
1982,leon-burtnett-1,1986,34,1,0,5,1,21,56
2002,rickey-bustle-1,2010,65,0,0,9,0,41,106
1897,frank-butterworth-1,1898,2,0,0,2,0,18,22
1939,wallace-butts-1,1960,86,8,5,22,2,140,235
1917,curley-byrd-1,1934,70,0,0,18,0,88,172
2000,tom-cable-1,2003,35,0,0,4,0,11,46
2010,brian-cabral-1,2010,1,0,0,1,0,2,3
1972,chester-caddas-1,1981,44,0,0,8,0,38,84
1930,red-cagle-1,1930,7,0,0,1,0,2,9
1966,thomas-cahill-1,1973,39,0,0,8,0,40,81
1946,charles-caldwell-1,1956,27,0,0,11,0,68,96
1902,fred-caldwell-1,1902,4,0,0,1,0,3,7
1993,jim-caldwell-1,2000,63,1,1,8,0,26,89
2010,robbie-caldwell-1,2010,10,0,0,1,0,2,12
2007,troy-calhoun-1,2013,41,6,2,7,4,49,90
2004,bill-callahan-1,2007,22,2,1,4,1,27,49
1900,jh-callahan-1,1900,3,0,0,1,0,4,8
1969,ray-callahan-1,1972,23,0,0,4,0,20,43
1922,tim-callahan-1,1923,7,0,0,2,0,6,14
1929,leo-calland-1,1934,30,0,0,6,0,21,51
2007,neil-callaway-1,2011,42,0,0,5,0,18,60
1932,prink-callison-1,1937,23,0,0,6,0,33,58
1997,cam-cameron-1,2001,37,0,0,5,0,18,55
1962,frank-camp-1,1968,38,0,0,7,0,32,70
1961,jim-camp-1,1966,35,0,0,6,0,22,57
1888,walter-camp-1,1892,2,0,0,5,0,68,70
2011,matt-campbell-1,2013,9,2,1,3,1,17,26
1916,thomas-campbell-1,1922,11,0,0,3,0,13,26
1974,william-campbell-1,1979,41,0,0,6,0,12,54
2010,mike-canales-1,2010,3,0,0,1,0,2,5
1932,howard-cann-1,1933,7,0,0,2,0,7,15
1921,jack-cannell-1,1933,19,0,0,7,0,39,62
1926,cappy-cappon-1,1927,10,0,0,2,0,5,16
2013,ron-caragher-1,2013,6,0,0,1,0,6,12
2012,rod-carey-1,2013,3,2,0,2,2,12,15
1932,frank-carideo-1,1934,23,0,0,3,0,2,27
1969,vince-carillot-1,1969,9,0,0,1,0,1,10
1966,jim-carlen-1,1981,69,8,2,16,5,107,182
1979,jack-carlisle-1,1981,18,0,0,3,0,15,33
1951,bob-carlson-1,1952,13,0,0,2,0,5,19
1982,jim-carmody-1,1987,29,0,0,6,0,37,66
1942,clyde-carpenter-1,1947,16,1,0,3,0,9,27
1995,lloyd-carr-1,2007,40,13,6,13,7,122,162
2001,pete-carroll-1,2009,19,9,7,9,2,97,116
1967,bud-carson-1,1971,27,2,1,5,1,27,54
1936,jules-carson-1,1936,7,0,0,1,0,1,9
1916,fg-carter-1,1916,2,0,0,1,0,3,6
1981,rick-carter-1,1981,5,0,0,1,0,6,11
1946,len-casanova-1,1966,94,4,2,21,2,104,209
1973,robert-casciola-1,1977,30,0,0,5,0,14,45
1977,marino-casem-1,1977,8,0,0,1,0,3,11
1910,george-cassidy-1,1910,5,0,0,1,0,0,5
1939,miles-casteel-1,1948,26,1,0,7,1,41,70
1906,frank-castleman-1,1907,6,0,0,2,0,7,17
1906,mark-catlin-1,1908,10,0,0,3,0,7,17
1955,tony-cavallo-1,1957,23,0,0,3,0,7,30
1997,mike-cavan-1,2001,34,0,0,5,0,22,56
1980,ed-cavanaugh-1,1982,21,0,0,3,0,10,33
1903,frank-cavanaugh-1,1932,29,0,0,14,0,86,124
1932,pete-cawthon-1,1940,23,2,0,9,2,67,96
1904,francis-cayou-1,1912,27,0,0,7,0,26,56
1972,thomas-cecchini-1,1973,13,0,0,2,0,7,21
1911,dale-chadwick-1,1912,9,0,0,2,0,4,13
1903,george-chadwick-1,1903,1,0,0,1,0,11,12
1909,william-chadwick-1,1913,12,0,0,5,0,29,43
1903,john-chalmers-1,1905,8,0,0,3,0,24,32
2012,jim-chaney-1,2012,0,0,0,1,0,1,1
1990,george-chaump-1,1994,41,0,0,5,0,14,55
1953,john-cherberg-1,1955,18,0,0,3,0,10,30
1947,blair-cherry-1,1950,10,3,2,4,1,32,43
1934,jack-chevigny-1,1936,14,0,0,3,0,13,29
1914,clarence-childs-1,1915,7,0,0,2,0,6,14
1952,eddie-chinske-1,1954,18,0,0,3,0,8,27
1984,ron-chismar-1,1986,25,0,0,3,0,8,33
2007,gene-chizik-1,2012,38,3,3,6,0,38,76
1976,ed-chlebek-1,1982,51,0,0,7,0,26,77
2012,norm-chow-1,2013,20,0,0,2,0,4,24
2009,dave-christensen-1,2013,35,2,1,5,1,27,62
1972,jack-christiansen-1,1976,22,0,0,5,0,30,55
2012,paul-chryst-1,2013,13,2,1,2,1,13,26
1897,bill-church-1,1897,3,0,0,1,0,5,9
1895,em-church-1,1895,5,0,0,1,0,0,5
1976,frank-cignetti-1,1979,27,0,0,4,0,17,44
1999,craig-cirbus-1,2000,20,0,0,2,0,2,22
1961,jerry-claiborne-1,1989,122,11,3,28,8,179,309
1964,bert-clark-1,1967,24,0,0,4,0,15,40
1924,click-clark-1,1925,8,0,0,2,0,7,16
1957,don-clark-2,1959,16,0,0,3,0,13,30
1951,dutch-clark-1,1953,17,0,0,3,0,13,30
1931,heck-clark-1,1939,56,0,0,9,0,21,80
1921,potsy-clark-1,1948,30,0,0,7,0,22,58
1928,stewart-clark-1,1929,12,0,0,2,0,2,14
1956,dick-clausen-1,1957,12,0,0,2,0,8,20
2009,dave-clawson-1,2013,32,3,0,5,3,32,64
1911,zora-clevenger-1,1919,24,0,0,9,0,45,73
1967,john-coatta-1,1969,26,0,0,3,0,3,30
1918,la-cobbett-1,1918,4,0,0,1,0,3,7
1905,eddie-cochems-1,1908,7,0,0,3,0,16,26
1900,garrett-cochran-1,1902,4,0,0,2,0,14,18
1894,tom-cochrane-1,1894,1,0,0,1,0,3,4
1914,george-cockill-1,1914,4,0,0,1,0,4,9
1927,josh-cody-1,1939,35,0,0,8,0,46,84
1928,stanley-cofall-1,1928,6,0,0,1,0,2,10
1971,charles-coffey-1,1973,20,0,0,3,0,12,33
1928,russ-cohen-1,1931,13,0,0,4,0,23,37
2001,larry-coker-1,2013,24,6,4,8,2,75,99
1942,george-cole-1,1942,7,0,0,1,0,3,10
1907,king-cole-1,1910,8,0,0,4,0,25,36
1905,william-cole-1,1905,4,0,0,1,0,5,9
1919,harris-coleman-1,1919,5,0,0,1,0,2,9
1951,joe-coleman-1,1952,15,0,0,2,0,3,19
1975,jim-colletto-1,1996,81,0,0,11,0,37,122
1954,blanton-collier-1,1961,36,0,0,8,0,41,80
1957,ben-collins-2,1961,29,0,0,5,0,18,48
1975,bobby-collins-1,1986,46,5,3,12,2,89,138
1926,chuck-collins-1,1933,31,0,0,8,0,38,78
2002,mike-collins-1,2002,6,0,0,1,0,3,9
1981,pat-collins-1,1981,6,0,0,1,0,5,11
1957,richard-colman-1,1968,33,0,0,12,0,75,108
1974,bob-commings-1,1978,38,0,0,5,0,17,55
1899,maurice-connor-1,1902,12,0,0,4,0,23,38
1972,al-conover-1,1975,28,0,0,4,0,14,44
1967,boyd-converse-1,1967,7,0,0,1,0,2,10
1932,jimmy-conzelman-1,1939,35,0,0,8,0,40,77
1912,wt-cook-1,1913,9,0,0,2,0,5,14
1908,mt-cooke-1,1908,0,0,0,1,0,7,8
1963,mike-cooley-1,1964,15,0,0,2,0,2,18
1923,george-cooper-2,1927,25,0,0,5,0,14,41
1977,john-cooper-2,2000,84,14,5,24,9,192,282
1974,ken-cooper-1,1977,25,0,0,4,0,19,44
1993,ron-cooper-1,1997,33,0,0,5,0,22,55
1983,bob-cope-1,1988,46,0,0,6,0,22,68
1909,harris-cope-1,1923,28,0,0,10,0,48,88
1915,john-corbett-1,1923,44,0,0,8,0,15,62
1991,pete-cordelli-1,1993,30,0,0,3,0,3,33
1948,vaughn-corley-1,1950,20,0,0,3,0,9,29
1994,jim-corrigall-1,1997,35,0,0,4,0,8,44
1969,lee-corso-1,1984,85,2,1,15,0,73,164
1960,gene-corum-1,1965,30,1,0,6,1,29,61
1969,don-coryell-1,1972,8,1,1,4,0,36,44
1907,jh-costello-1,1907,7,0,0,1,0,4,11
1909,sam-costen-1,1910,7,0,0,2,0,7,16
1991,tom-coughlin-1,1993,13,2,1,3,1,21,35
1909,james-coulter-1,1909,4,0,0,1,0,1,7
1907,john-counselman-1,1907,5,0,0,1,0,2,7
1924,william-courtwright-1,1926,17,0,0,3,0,7,25
1946,steve-coutchie-1,1946,7,0,0,1,0,2,11
1977,charlie-cowdrey-1,1980,31,0,0,4,0,12,44
1922,roland-cowell-1,1923,11,0,0,2,0,8,20
1932,ted-cox-1,1938,33,1,1,7,0,35,70
1965,carmen-cozza-1,1981,38,0,0,17,0,114,155
2002,tom-craft-1,2005,29,0,0,4,0,19,48
1919,jb-craig-1,1919,4,0,0,1,0,3,7
1905,walter-craig-1,1905,7,0,0,1,0,3,10
1907,joshua-crane-1,1907,3,0,0,1,0,7,10
1903,john-cranston-1,1903,3,0,0,1,0,9,12
1929,jeff-cravath-1,1950,43,4,2,13,2,74,126
1904,cap-craver-1,1904,3,0,0,1,0,8,12
1910,charles-crawford-1,1910,2,0,0,1,0,6,8
1892,frank-crawford-1,1892,3,0,0,1,0,4,7
1904,sd-crawford-1,1904,5,0,0,1,0,3,9
1919,pete-crayton-1,1919,6,0,0,1,0,4,11
1952,bernie-crimmins-1,1956,32,0,0,5,0,13,45
1983,jim-criner-1,1986,24,0,0,4,0,16,42
1930,fritz-crisler-1,1947,32,1,1,18,0,116,157
2007,mario-cristobal-1,2012,47,2,1,6,1,27,74
1936,jack-croft-1,1937,9,0,0,2,0,6,16
1899,frederick-crolius-1,1911,42,0,0,8,0,13,59
1904,ce-cronk-1,1904,4,0,0,1,0,1,6
1907,harold-crook-1,1907,4,0,0,1,0,1,5
1910,thomas-crooks-1,1910,7,0,0,1,0,3,10
2004,sylvester-croom-1,2008,38,1,1,5,0,21,59
1903,david-cropp-1,1904,4,0,0,2,0,14,19
1971,john-crouthamel-1,1977,20,0,0,7,0,41,63
1976,john-david-crow-1,1980,34,0,0,5,0,20,55
1963,eddie-crowder-1,1973,49,5,3,11,2,67,118
1935,clem-crowe-1,1945,10,0,0,2,0,8,18
1990,jack-crowe-1,1992,15,1,0,3,1,9,24
1914,wilmer-crowell-1,1916,12,0,0,3,0,15,30
1925,charles-crowley-1,1929,16,0,0,5,0,26,46
1929,jimmy-crowley-1,1942,23,2,1,14,1,86,120
1996,gary-crowton-1,2004,36,1,0,7,1,47,83
1974,dick-crum-1,1990,77,8,6,17,2,113,194
1921,bc-cubbage-1,1925,12,0,0,5,0,30,48
2005,bill-cubit-1,2012,47,3,0,8,3,51,98
1976,pat-culpepper-1,1979,29,0,0,4,0,14,44
1895,alvin-culver-1,1896,6,0,0,2,0,12,20
1921,bill-cunningham-1,1921,6,0,0,1,0,1,8
1912,logan-cunningham-1,1912,1,0,0,1,0,7,9
1910,wa-cunningham-1,1919,18,0,0,8,0,43,70
1971,fran-curci-1,1981,65,1,1,11,0,55,122
1951,babe-curfman-1,1953,19,0,0,3,0,7,27
1946,raymond-curfman-1,1947,11,0,0,2,0,8,19
1977,dave-currey-1,1988,72,0,0,12,0,59,131
1980,bill-curry-1,1996,105,5,2,17,3,83,192
1941,jack-curtice-1,1969,87,2,1,19,1,97,191
1902,arthur-curtis-1,1904,10,0,0,3,0,17,28
1907,joe-curtis-1,1908,3,0,0,2,0,10,13
1963,phil-cutchin-1,1968,38,0,0,6,0,19,59
1998,david-cutcliffe-1,2013,73,6,4,13,2,75,148
1903,oliver-cutts-1,1904,5,0,0,2,0,13,18
1902,virginius-dabney-1,1902,4,0,0,1,0,1,7
1945,john-dagrosa-1,1947,10,1,0,3,1,17,29
1913,charles-daly-1,1922,7,0,0,6,0,45,55
1916,milton-daniel-1,1917,4,0,0,2,0,14,19
1946,edward-danowski-1,1954,44,0,0,9,0,29,76
2004,mark-dantonio-1,2013,46,7,3,10,4,82,128
1989,gary-darnell-1,2004,50,1,0,9,1,49,99
1904,paul-dashiell-1,1906,5,0,0,3,0,25,34
1931,ray-dauber-1,1932,11,0,0,2,0,5,16
1954,duffy-daugherty-1,1972,69,2,1,19,1,109,183
1974,bill-davidson-1,1978,17,0,0,5,0,37,54
1933,gar-davidson-1,1937,11,0,0,5,0,35,47
1997,bob-davie-1,2013,43,3,0,7,3,42,85
1962,bud-davis-2,1962,8,0,0,1,0,2,10
1995,butch-davis-1,2010,43,7,5,10,2,79,122
1988,greg-davis-1,1991,31,0,0,4,0,14,45
1893,parke-davis-1,1897,11,0,0,5,0,37,51
1908,paul-davis-1,1914,6,0,0,2,0,11,18
1962,paul-davis-2,1966,28,1,1,5,0,20,50
1947,robert-davis-3,1955,33,1,0,9,1,54,89
1921,fred-dawson-1,1933,40,0,0,11,0,45,92
1936,red-dawson-1,1954,30,1,0,9,1,45,80
1932,leroy-day-1,1934,15,0,0,3,0,11,28
1909,hi-dean-1,1911,12,0,0,3,0,11,24
1984,fisher-deberry-1,2006,109,12,6,23,6,169,279
2000,mike-debord-1,2003,34,0,0,4,0,12,46
1946,quinn-decker-1,1952,39,0,0,7,0,23,63
1948,dudley-degroot-1,1952,26,1,1,5,0,26,53
1922,jimmy-dehart-1,1932,50,0,0,11,0,51,107
1969,bob-deming-1,1970,12,0,0,2,0,8,20
1970,bob-demoss-1,1972,18,0,0,3,0,13,31
1976,rey-dempsey-1,1985,49,0,0,10,0,61,113
2000,mick-dennehy-1,2004,37,0,0,5,0,19,56
1975,jim-dennison-1,1975,4,0,0,1,0,7,11
1969,carl-depasqua-1,1972,29,0,0,4,0,13,42
1905,jd-depree-1,1906,11,0,0,2,0,4,18
1978,herb-deromedi-1,1993,55,1,0,16,1,110,175
2011,tim-deruyter-1,2013,6,3,1,3,2,21,27
1902,john-desaulles-1,1902,1,0,0,1,0,8,10
1912,leo-detray-1,1912,3,0,0,1,0,4,7
1957,bob-devaney-1,1972,30,10,7,16,3,136,173
1955,dan-devine-1,1980,57,10,7,22,3,172,238
1945,hugh-devore-1,1963,26,0,0,5,0,13,42
1954,vince-di-francesca-1,1956,21,0,0,3,0,6,28
1953,phil-dickens-1,1964,52,1,1,11,0,49,104
1958,george-dickerson-1,1958,2,0,0,1,0,1,3
1993,ron-dickerson-1,1997,47,0,0,5,0,8,55
1998,darrell-dickey-1,2006,64,4,1,9,3,42,106
1964,doug-dickey-1,1978,58,9,2,15,7,104,168
1978,jim-dickey-1,1985,54,1,0,8,1,24,80
1903,marvin-dickinson-1,1905,9,0,0,2,0,4,13
1910,by-dickson-1,1913,16,0,0,4,0,20,38
1906,reed-dickson-1,1907,8,0,0,2,0,3,13
1902,go-dietz-1,1902,2,0,0,1,0,5,8
1917,william-dietz-1,1926,19,0,0,5,0,17,39
1955,paul-dietzel-1,1974,95,4,2,20,2,109,209
1997,dana-dimel-1,2002,39,0,0,6,0,30,69
1991,gerry-dinardo-1,2004,77,3,3,12,0,59,137
2003,bill-doba-1,2007,29,1,1,5,0,30,59
1961,glenn-dobbs-1,1968,37,2,1,8,1,45,82
1955,robert-dobbs-1,1972,63,2,2,14,0,71,138
1916,gilmour-dobie-1,1938,44,0,0,22,0,115,170
1910,frank-dobson-1,1939,62,0,0,15,0,58,127
1978,rex-dockery-1,1983,40,0,0,6,0,23,66
1945,bobby-dodd-1,1966,64,13,9,22,4,165,237
2007,todd-dodge-1,2010,37,0,0,4,0,6,43
2011,dave-doeren-1,2013,13,1,1,3,0,26,39
1947,edward-doherty-1,1975,78,2,0,14,2,64,145
1975,jack-doland-1,1978,15,1,1,4,0,29,45
1952,bill-dole-1,1953,16,0,0,2,0,2,18
1885,frank-dole-1,1887,19,0,0,3,0,23,43
1917,edward-donahue-1,1920,12,0,0,4,0,21,36
1904,mike-donahue-2,1927,54,0,0,23,0,122,184
1976,terry-donahue-1,1995,74,13,8,20,4,151,233
1939,aldo-donelli-1,1967,104,0,0,23,0,91,202
1941,ray-donels-1,1942,8,0,0,2,0,3,12
1996,jim-donnan-1,2000,19,4,4,5,0,40,59
1910,james-donnelly-1,1910,7,0,0,1,0,1,8
1918,pooch-donovan-1,1918,1,0,0,1,0,2,3
1967,bill-dooley-1,1992,127,10,3,26,7,161,293
2007,derek-dooley-1,2012,41,2,1,6,1,32,73
1964,vince-dooley-1,1988,77,20,8,25,10,201,288
1964,bill-doolittle-1,1974,49,0,0,11,0,58,109
1984,ray-door-1,1985,15,0,0,2,0,7,22
1922,gus-dorais-1,1942,44,1,0,19,1,119,171
2003,karl-dorrell-1,2007,27,4,1,5,3,35,62
1950,otis-douglas-1,1952,21,0,0,3,0,9,30
1913,hl-dowd-1,1913,1,0,0,1,0,8,9
1979,ron-dowhower-1,1996,23,0,0,3,0,9,33
1935,tommy-dowler-1,1935,4,0,0,1,0,3,10
1910,es-dowling-1,1910,6,0,0,1,0,1,8
1909,dexter-draper-1,1909,3,0,0,1,0,4,8
1924,red-drew-1,1954,39,3,1,10,2,60,107
1957,milt-drewer-1,1963,46,0,0,7,0,21,69
1937,paddy-driscoll-1,1940,23,0,0,4,0,10,34
1920,bill-driver-1,1921,4,1,0,2,1,15,20
1916,james-driver-1,1916,2,0,0,1,0,5,7
1956,johnny-druze-1,1958,26,0,0,3,0,2,29
1972,f-dry-1,1982,69,1,0,11,1,43,116
1997,mike-dubose-1,2000,23,2,0,4,2,24,47
1913,joseph-duff-1,1914,3,0,0,2,0,14,18
1992,mark-duffner-1,1996,35,0,0,5,0,20,55
1979,donnie-duncan-1,1982,24,0,0,4,0,18,44
1943,mark-duncan-1,1943,5,0,0,1,0,2,7
1965,frederick-dunlap-1,1981,30,0,0,7,0,39,71
1901,john-dunlop-1,1901,8,0,0,1,0,1,9
1944,eddie-dunn-1,1944,7,0,0,1,0,1,9
1983,joe-lee-dunn-1,1994,37,0,0,5,0,21,58
1979,ernie-duplechin-1,1981,6,2,0,3,2,28,35
1887,durkee-1,1887,6,0,0,1,0,3,9
1911,pat-dwyer-1,1913,7,0,0,3,0,16,25
1928,schubert-dyche-1,1935,33,0,0,8,0,26,63
1974,pat-dye-1,1992,62,10,7,19,2,153,220
1896,george-dyer-1,1896,2,0,0,1,0,3,6
2010,sonny-dykes-1,2013,26,1,0,4,1,23,49
1986,spike-dykes-1,1999,67,7,2,14,5,82,150
1962,lloyd-eaton-1,1970,33,2,1,9,1,57,92
1912,nb-edgerton-1,1915,13,0,0,4,0,19,35
1913,wp-edmunds-1,1916,13,0,0,4,0,10,25
2000,randy-edsall-1,2013,87,6,3,14,3,83,170
1949,bill-edwards-1,1952,19,0,0,4,0,21,42
1954,earle-edwards-1,1970,88,2,1,17,1,77,173
1972,lavell-edwards-1,2000,101,22,7,29,14,257,361
1914,jogger-elcock-1,1921,7,0,0,4,0,25,35
1960,william-elias-1,1968,48,0,0,9,0,36,89
1942,ray-eliot-1,1959,73,2,2,18,0,83,167
1971,bennie-ellender-1,1975,29,1,0,5,1,27,56
2009,rich-ellerson-1,2013,41,1,1,5,0,20,61
1959,bump-elliott-1,1968,42,1,1,10,0,51,95
1974,harold-elliott-1,1981,50,0,0,8,0,38,88
1956,pete-elliott-1,1974,72,2,1,13,1,56,129
1912,speed-elliott-1,1912,3,0,0,1,0,6,9
1975,frank-ellwood-1,1978,35,0,0,4,0,9,44
2007,david-elson-1,2009,27,0,0,3,0,9,36
1922,mal-elward-1,1941,29,0,0,7,0,21,56
1979,jack-elway-1,1988,49,2,0,10,2,60,112
2011,jon-embree-1,2012,21,0,0,2,0,4,25
1895,robert-emmons-1,1895,2,0,0,1,0,8,11
1980,ed-emory-1,1984,29,0,0,5,0,26,55
1944,rip-engle-1,1965,68,4,3,22,1,132,208
2009,ron-english-1,2013,48,0,0,5,0,12,60
1983,wally-english-1,1984,15,0,0,2,0,7,22
1931,fred-enke-1,1931,5,0,0,1,0,3,9
2010,dan-enos-1,2013,30,1,1,4,0,19,49
1972,dick-enright-1,1973,16,0,0,2,0,6,22
1938,rex-enright-1,1955,69,0,0,15,0,64,140
1926,charlie-erb-1,1928,10,0,0,3,0,10,24
1950,eddie-erdelatz-1,1958,26,2,2,9,0,50,84
1986,dennis-erickson-1,2011,81,12,5,19,7,147,229
1948,karl-esleeck-1,1950,18,0,0,3,0,10,30
1944,adam-esslinger-1,1944,3,0,0,1,0,4,9
1969,irvin-etlar-1,1969,9,0,0,1,0,1,10
1916,bob-evans-1,1919,10,0,0,3,0,11,22
1952,murray-evans-1,1954,14,0,0,3,0,15,31
1916,peyton-evans-1,1916,5,0,0,1,0,4,9
1950,forest-evashevski-1,1960,33,2,2,11,0,63,102
1894,aa-ewing-1,1894,5,0,0,1,0,4,9
1912,leon-excelby-1,1912,7,0,0,1,0,2,9
1923,albert-exendine-1,1935,25,0,0,5,0,13,43
1935,jack-faber-1,1941,13,0,0,3,0,12,29
1970,david-fagg-1,1973,32,0,0,4,0,8,41
1967,chuck-fairbanks-1,1981,41,5,3,9,1,59,101
2008,steve-fairchild-1,2011,33,1,1,4,0,16,49
1905,ca-fairweather-1,1905,3,0,0,1,0,6,10
1971,don-fambrough-1,1982,49,2,0,8,2,36,90
1902,james-faragher-1,1902,2,0,0,1,0,6,9
1902,john-farley-1,1902,1,0,0,1,0,11,12
1932,gus-farwick-1,1932,5,0,0,1,0,4,9
1985,jim-fassel-1,1989,33,0,0,5,0,25,58
1973,russ-faulkinberry-1,1973,10,0,0,1,0,0,10
1955,everett-faunce-1,1958,24,0,0,4,0,15,40
1935,don-faurot-1,1956,81,4,0,20,4,109,200
1981,gerry-faust-1,1994,75,2,1,13,1,66,145
1982,foge-fazio-1,1985,18,2,0,4,2,25,46
1944,beattie-feathers-1,1951,38,1,0,8,1,37,78
2008,larry-fedora-1,2013,29,5,3,6,2,49,78
1968,rudy-feldman-1,1973,37,0,0,6,0,24,63
1986,rockey-felker-1,1990,34,0,0,5,0,21,55
1913,felton-1,1913,3,0,0,1,0,5,8
1942,john-fenlon-1,1947,15,0,0,3,0,12,30
1904,tom-fennell-1,1908,17,0,0,5,0,33,51
1897,gustave-ferbert-1,1899,3,0,0,3,0,24,28
1999,kirk-ferentz-1,2013,79,10,6,15,4,108,187
1970,lou-ferry-1,1974,26,0,0,5,0,20,47
1976,craig-fertig-1,1979,36,0,0,4,0,8,45
1954,frosty-ferzacca-1,1955,11,0,0,2,0,5,18
1946,wesley-fesler-1,1953,31,1,1,8,0,34,73
1935,doug-fessenden-1,1948,40,0,0,10,0,46,90
1921,bob-fetzer-1,1925,12,0,0,5,0,30,46
1915,william-fetzer-1,1925,28,0,0,11,0,61,96
2011,luke-fickell-1,2011,7,1,0,1,1,6,13
1911,john-field-1,1911,2,0,0,1,0,7,10
1915,john-fike-1,1918,7,0,0,4,0,20,28
1945,lud-fiser-1,1945,7,0,0,1,0,1,8
1902,he-fisher-1,1903,7,0,0,2,0,10,17
2010,jimbo-fisher-1,2013,10,3,3,4,0,45,55
1919,robert-fisher-1,1925,14,1,1,7,0,43,62
1905,tuffy-fisk-1,1905,2,0,0,1,0,7,10
1975,dennis-fitzgerald-1,1977,16,0,0,3,0,18,34
2006,pat-fitzgerald-1,2013,46,5,1,8,4,55,101
1918,jj-fitzpatrick-1,1918,2,0,0,1,0,1,3
1919,thomas-fitzpatrick-1,1924,17,0,0,6,0,23,43
1930,ray-flaherty-1,1930,7,0,0,1,0,1,9
2013,pj-fleck-1,2013,11,0,0,1,0,1,12
1919,red-fleming-1,1919,2,0,0,1,0,6,8
2012,kyle-flood-1,2013,11,1,0,2,1,15,26
1929,red-floyd-1,1929,4,0,0,1,0,0,4
1994,dick-flynn-1,1999,37,1,0,6,1,30,67
1960,hank-foldberg-1,1964,28,1,0,5,1,22,51
1902,fred-folsom-1,1915,19,0,0,13,0,74,98
1912,bob-folwell-1,1915,5,0,0,4,0,36,44
1897,w-cameron-forbes-1,1898,1,0,0,2,0,21,23
1978,danny-ford-1,1997,60,9,6,17,3,121,186
1969,rick-forzano-1,1972,33,0,0,4,0,10,43
1906,amos-foster-1,1906,4,0,0,1,0,6,10
1917,dixon-foster-1,1919,12,0,0,2,0,4,17
1904,ora-fowler-1,1905,10,0,0,2,0,5,17
1992,dennis-franchione-1,2013,97,7,3,18,4,117,214
1947,sam-francis-1,1947,10,0,0,1,0,0,10
2011,james-franklin-2,2013,15,2,1,3,1,24,39
1999,carl-franks-1,2003,48,0,0,5,0,9,57
1976,bob-frederick-1,1981,43,0,0,6,0,19,66
1915,ewing-freeland-1,1923,8,0,0,3,0,19,28
1952,jackie-freeman-1,1956,29,0,0,5,0,14,48
2011,hugh-freeze-1,2013,14,3,2,3,1,25,39
1967,jerry-frei-1,1971,29,0,0,5,0,22,53
2001,ralph-friedgen-1,2010,50,7,5,10,2,75,125
1941,henry-frnka-1,1951,32,5,2,11,3,71,108
1954,wally-fromhart-1,1958,25,0,0,5,0,19,46
1962,hayden-fry-1,1998,180,17,7,37,9,230,420
1935,wesley-fry-1,1939,21,0,0,5,0,18,45
1973,dennis-fryzel-1,1974,8,0,0,2,0,14,22
2012,justin-fuente-1,2013,17,0,0,2,0,7,24
1972,bill-fulcher-1,1973,10,1,1,2,0,12,23
1982,leon-fuller-1,1988,55,0,0,7,0,25,80
1920,myron-fuller-1,1921,12,0,0,2,0,6,18
1992,phillip-fulmer-1,2008,52,15,8,17,7,151,204
1899,albert-fulton-1,1899,5,0,0,1,0,3,9
1903,ds-fultz-1,1903,4,0,0,1,0,5,10
1907,fred-furman-1,1908,7,0,0,2,0,9,16
1949,warren-gaer-1,1958,43,1,0,10,1,43,88
2002,chan-gailey-1,2007,32,5,2,6,3,44,76
1950,richard-gallagher-1,1952,18,0,0,3,0,8,28
1886,james-gallety-1,1886,9,0,0,1,0,0,9
1927,harry-gamage-1,1933,25,0,0,7,0,32,62
1971,harry-gamble-1,1980,55,0,0,10,0,34,91
1902,ja-gammons-1,1909,10,0,0,3,0,17,29
1912,frank-gargan-1,1913,5,0,0,2,0,12,17
1909,howard-gargan-1,1909,1,0,0,1,0,5,8
1923,hank-garrity-1,1925,7,0,0,3,0,19,27
1969,floyd-gass-1,1971,18,0,0,3,0,13,32
1918,george-gauthier-1,1918,3,0,0,1,0,4,7
2004,jeff-genyk-1,2008,42,0,0,5,0,16,58
1951,ray-george-1,1953,14,0,0,3,0,12,30
2012,jason-gesser-1,2012,7,0,0,1,0,1,8
1989,gary-gibbs-1,1994,23,3,2,6,1,44,69
1965,bob-gibson-1,1967,9,0,0,3,0,19,28
1970,claude-gibson-1,1972,16,0,0,3,0,11,27
1967,vince-gibson-1,1982,100,2,0,16,2,73,175
1966,mike-giddings-1,1967,12,0,0,2,0,9,21
1956,warren-giese-1,1960,21,0,0,5,0,28,50
1973,claude-gilbert-1,1989,56,2,1,14,1,99,158
1992,keith-gilbertson-1,2004,42,1,1,6,0,27,69
1918,andrew-gill-1,1919,5,0,0,2,0,5,11
2006,turner-gill-1,2011,49,1,0,6,1,25,74
1921,van-gillam-1,1921,4,0,0,1,0,4,9
1924,jenks-gillem-1,1941,15,0,0,3,0,8,24
1954,sid-gillman-1,1954,2,0,0,1,0,8,10
1921,john-gilroy-1,1921,7,0,0,1,0,2,9
1974,vernon-glass-1,1975,12,0,0,2,0,9,21
1949,william-glassford-1,1955,35,1,0,7,1,30,69
1910,ralph-glaze-1,1920,30,0,0,7,0,15,52
2003,joe-glenn-1,2008,41,1,1,6,0,30,71
1937,marshall-glenn-1,1939,12,1,1,3,0,14,29
1921,frank-glick-1,1921,4,0,0,1,0,4,8
1989,ray-goff-1,1995,34,4,2,7,2,46,81
2006,al-golden-1,2013,49,2,0,8,2,49,98
1900,pop-golden-1,1902,12,0,0,3,0,16,29
1989,fred-goldsmith-1,1998,70,1,0,10,1,40,111
2003,alan-gooch-1,2003,2,0,0,1,0,0,2
1918,mose-goodman-1,1918,3,0,0,1,0,1,4
1977,wc-gorden-1,1977,3,0,0,1,0,8,11
1942,tom-gorman-1,1942,5,0,0,1,0,5,10
1920,john-gorsuch-1,1920,8,0,0,1,0,0,9
1914,frank-gorton-1,1916,11,0,0,3,0,14,26
1981,mike-gottfried-1,1989,45,1,0,9,1,53,101
1910,j-troutman-goughler-1,1910,7,0,0,1,0,3,10
1990,doug-graber-1,1995,36,0,0,6,0,29,66
1913,dennis-grady-1,1913,6,0,0,1,0,1,7
1906,ralph-graham-1,1950,38,1,0,7,1,23,65
2006,todd-graham-1,2013,38,6,4,8,2,67,105
1959,everett-grandelius-1,1961,11,1,0,3,1,20,31
1906,ernest-graves-1,1912,3,0,0,2,0,6,9
1893,harmon-graves-1,1895,7,0,0,3,0,15,22
1960,ray-graves-1,1969,31,5,4,10,1,70,105
1911,tubby-graves-1,1918,13,0,0,5,0,27,43
1981,dennis-green-1,1991,63,1,0,8,1,26,89
1908,edward-green-1,1908,3,0,0,1,0,3,9
1963,jack-green-1,1966,29,0,0,4,0,7,40
1933,vee-green-1,1946,57,1,1,13,0,62,127
1989,forrest-gregg-1,1990,19,0,0,2,0,3,22
1967,john-gregory-1,1969,13,0,0,3,0,16,29
1932,tatum-gressette-1,1939,41,0,0,8,0,34,78
1920,wooly-grey-1,1922,15,0,0,3,0,10,30
1902,clarence-griffith-1,1902,3,0,0,1,0,1,6
1908,john-griffith-2,1915,25,0,0,8,0,36,64
1909,john-griffith-1,1916,13,0,0,3,0,10,25
1961,johnny-griffith-1,1963,16,0,0,3,0,10,30
1995,jim-grobe-1,2013,115,5,3,19,2,110,226
1981,al-groh-1,2009,93,5,3,15,2,85,178
1946,arthur-guepe-1,1962,71,1,1,17,0,86,166
2010,lance-guidry-1,2012,1,2,1,2,1,1,2
2005,mike-gundy-1,2013,38,7,5,9,2,77,115
1926,andy-gustafson-1,1963,78,4,1,20,3,115,197
1985,john-gutekunst-1,1991,37,2,1,7,1,29,68
2005,brent-guy-1,2008,38,0,0,4,0,9,47
1902,l-gwinn-1,1902,4,0,0,1,0,1,6
1989,paul-hackett-1,2000,38,2,1,7,1,32,71
1919,td-hackney-1,1919,7,0,0,1,0,1,8
1967,bo-hagan-1,1970,27,0,0,4,0,12,40
1944,oscar-hagberg-1,1945,4,0,0,2,0,13,18
1932,jack-hagerty-1,1948,45,1,0,14,1,63,118
1908,ap-hall-1,1908,4,0,0,1,0,1,5
1907,arthur-hall-1,1912,10,0,0,6,0,27,40
1959,dale-hall-1,1961,11,0,0,3,0,16,29
1892,ek-hall-1,1893,5,0,0,2,0,12,22
1984,galen-hall-1,1989,18,2,1,6,1,40,59
1898,john-hall-3,1898,4,0,0,1,0,6,10
1901,james-halligan-1,1903,8,0,0,3,0,15,25
1988,curley-hallman-1,1994,39,1,1,7,0,39,78
1907,cb-hamilton-1,1907,3,0,0,1,0,6,9
1934,thomas-hamilton-1,1954,32,0,0,7,0,28,61
1894,hamlin-1,1894,5,0,0,1,0,6,11
1910,charles-hammett-1,1912,10,0,0,3,0,6,18
1896,sm-hammond-1,1897,9,0,0,2,0,7,17
1906,ts-hammond-1,1906,2,0,0,1,0,4,6
1927,jw-hancock-1,1937,31,0,0,9,0,33,69
2003,mike-hankwitz-1,2005,7,1,0,2,1,1,8
1927,dick-hanley-1,1934,26,0,0,8,0,36,66
1914,william-hanley-1,1915,2,0,0,2,0,9,12
1940,jake-hanna-1,1941,15,0,0,2,0,3,20
1930,vic-hanson-1,1936,21,0,0,7,0,33,59
1982,jack-harbaugh-1,1986,27,0,0,5,0,25,55
2007,jim-harbaugh-1,2010,21,2,1,4,1,29,50
1932,lewie-hardage-1,1934,12,0,0,3,0,11,27
1959,wayne-hardin-1,1982,71,3,1,18,2,111,187
1937,jack-harding-1,1947,32,1,1,9,0,54,89
1937,hank-hardwick-1,1938,7,0,0,2,0,8,18
1918,bill-hargiss-1,1932,26,0,0,7,0,28,57
1983,jim-harkema-1,1992,57,1,1,10,0,41,103
1915,eh-harlan-1,1916,5,0,0,2,0,12,17
1915,dick-harlow-1,1947,36,0,0,13,0,71,114
1931,harvey-harman-1,1955,60,0,0,17,0,79,142
1930,harvey-harmon-1,1930,6,0,0,1,0,3,10
1961,tom-harp-1,1977,70,0,0,13,0,52,126
1913,jesse-harper-1,1917,5,0,0,5,0,34,40
1972,tom-harper-1,1972,9,0,0,1,0,2,11
1963,warren-harper-1,1964,15,0,0,2,0,3,20
1933,howard-harpster-1,1936,19,0,0,4,0,12,34
1899,ce-harris-1,1904,14,0,0,3,0,11,27
1917,deed-harris-1,1917,6,0,0,1,0,3,9
1989,walt-harris-1,2006,85,6,2,13,4,69,154
1899,john-harrison-1,1899,3,0,0,1,0,6,11
2013,bryan-harsin-1,2013,5,0,0,1,0,8,13
1925,cj-hart-1,1927,12,0,0,3,0,6,20
1966,dave-hart-1,1968,27,0,0,3,0,3,30
1975,gerry-hart-1,1976,13,0,0,2,0,7,21
1902,jb-hart-1,1902,3,0,0,1,0,6,10
1916,wayne-hart-1,1916,6,0,0,1,0,3,9
1917,harry-hartsell-1,1923,18,0,0,4,0,16,38
1895,john-hartwell-1,1895,0,0,0,1,0,13,15
1902,mh-harvey-1,1904,5,0,0,2,0,4,9
1892,ja-harwell-1,1892,6,0,0,1,0,3,9
1893,haskell-1,1893,7,0,0,1,0,4,11
1893,pg-haskell-1,1893,6,0,0,1,0,2,8
1979,ken-hatfield-1,2005,140,10,4,27,6,168,312
2010,bobby-hauck-1,2013,38,0,0,4,0,13,51
1899,percy-haughton-1,1924,19,0,0,13,0,97,123
1926,george-hauser-1,1944,15,0,0,5,0,24,45
2001,dan-hawkins-1,2010,50,5,2,10,3,72,122
1910,jesse-hawley-1,1928,28,0,0,12,0,63,92
1931,billy-hayes-1,1933,14,0,0,3,0,6,24
1914,ec-hayes-1,1916,8,0,0,3,0,15,25
2001,tom-hayes-1,2001,2,0,0,1,0,1,3
1951,woody-hayes-1,1978,61,11,5,28,6,205,276
1942,ward-haylett-1,1944,20,0,0,3,0,6,28
2013,paul-haynes-1,2013,8,0,0,1,0,4,12
2009,michael-haywood-1,2010,15,0,0,2,0,10,25
1925,homer-hazel-1,1929,22,0,0,5,0,21,46
2011,darrell-hazell-1,2013,21,1,0,3,1,17,38
1894,pudge-heffelfinger-1,1895,12,0,0,2,0,12,24
1960,ernest-hefferle-1,1961,12,0,0,2,0,7,20
1914,jack-hegarty-1,1915,6,0,0,2,0,5,13
1902,john-heisman-1,1927,60,0,0,26,0,148,222
2013,mark-helfrich-1,2013,2,1,1,1,0,11,13
1993,kim-helton-1,1999,53,1,0,7,1,24,78
1922,gus-henderson-1,1935,14,2,2,6,0,39,55
1952,horace-hendrickson-1,1953,16,0,0,2,0,4,20
1994,dan-henning-1,1996,19,1,1,3,0,16,36
1923,gwinn-henry-1,1942,67,1,0,16,1,65,141
1903,jh-henry-1,1903,1,0,0,1,0,6,8
1987,george-henshaw-1,1987,8,0,0,1,0,3,11
1905,ae-hernstein-1,1905,1,0,0,1,0,6,8
2007,reggie-herring-1,2007,1,1,0,1,1,0,1
1922,james-herron-1,1925,9,0,0,2,0,5,16
1926,pat-herron-1,1928,15,0,0,3,0,10,28
1962,bill-hess-1,1977,83,2,0,16,2,80,166
1990,jim-hess-1,1996,55,0,0,7,0,22,77
1915,harvey-hester-1,1915,5,0,0,1,0,3,8
1905,willie-heston-1,1905,4,0,0,1,0,4,8
1959,james-hickey-1,1966,45,1,1,8,0,36,81
1948,herman-hickman-1,1951,17,0,0,4,0,16,35
1896,william-hickok-1,1896,5,0,0,1,0,5,10
1957,bob-hicks-1,1957,8,0,0,1,0,1,9
1925,bob-higgins-1,1948,71,1,0,22,0,99,184
2012,patrick-higgins-2,2012,1,1,0,1,1,0,1
1960,billy-hildebrand-1,1963,33,0,0,4,0,7,40
2001,fitz-hill-1,2004,33,0,0,4,0,14,47
1951,jess-hill-1,1956,17,2,1,6,1,45,63
1997,pat-hill-1,2011,80,11,4,15,7,112,192
1986,jim-hilles-1,1986,9,0,0,1,0,3,12
1931,gerald-hines-1,1939,31,1,0,9,0,46,84
1914,frank-hinkey-1,1915,7,0,0,2,0,11,18
1896,william-hoag-1,1901,6,0,0,2,0,8,16
1955,homer-hobbs-1,1957,24,0,0,3,0,6,30
1999,terry-hoeppner-1,2006,39,2,1,8,1,57,96
1913,ac-hoffman-1,1913,5,0,0,1,0,3,8
2001,jim-hofher-1,2005,49,0,0,5,0,8,57
2003,brady-hoke-1,2013,63,5,2,11,3,73,136
1947,stuart-holcomb-1,1955,42,0,0,9,0,35,81
2011,dana-holgorsen-1,2013,17,2,1,3,1,21,38
1911,ew-holladay-1,1911,3,0,0,1,0,5,8
1909,bill-hollenback-1,1914,11,0,0,6,0,32,49
1910,jack-hollenback-1,1910,2,0,0,1,0,5,8
1916,william-hollenback-1,1916,4,0,0,1,0,5,9
2010,doc-holliday-1,2013,24,2,2,4,0,27,51
1926,oe-hollingbery-1,1942,53,1,0,17,1,93,160
1997,joe-hollis-1,2001,43,0,0,5,0,13,56
1899,charles-hollister-1,1902,16,0,0,4,0,27,47
1894,john-hollister-1,1903,26,0,0,7,0,32,66
1936,elmer-holm-1,1940,29,0,0,5,0,18,48
1971,dave-holmes-1,1971,4,0,0,1,0,7,11
1997,tom-holmoe-1,2001,39,0,0,5,0,16,55
1951,mike-holovak-1,1959,29,0,0,9,0,49,81
1942,pa-holstein-1,1942,8,0,0,1,0,1,9
1901,edgar-holt-1,1902,4,0,0,2,0,18,23
2004,nick-holt-1,2005,18,0,0,2,0,5,23
1920,fred-holtkamp-1,1921,7,0,0,2,0,9,17
1969,lou-holtz-1,2004,132,22,12,33,8,249,388
2005,skip-holtz-1,2013,56,5,2,9,3,58,114
2009,danny-hope-1,2012,27,1,1,4,0,22,49
1945,george-hope-1,1945,6,0,0,1,0,2,8
1900,hopkins-1,1900,6,0,0,1,0,3,10
1899,james-horne-1,1904,20,0,0,6,0,30,53
1909,bill-horr-1,1909,3,0,0,1,0,1,5
1910,mh-horr-1,1912,11,0,0,3,0,8,20
1939,babe-horrell-1,1944,31,1,0,6,1,24,61
1993,jeff-horton-1,1998,48,1,1,6,0,20,68
2010,jeff-horton-2,2010,3,0,0,1,0,2,5
1899,george-hoskins-1,1909,38,0,0,9,0,39,81
1940,frank-howard-1,1969,118,6,3,30,3,165,295
1974,wayne-howard-1,1981,34,0,0,8,0,53,89
1938,dixie-howell-1,1950,35,2,0,8,1,36,76
1892,m-howland-1,1892,5,0,0,1,0,4,10
1939,cac-hubbard-1,1947,25,2,0,7,2,33,67
1913,homer-hubbard-1,1914,7,0,0,2,0,8,15
1939,allison-hubert-1,1946,10,0,0,3,0,17,30
2011,mark-hudspeth-1,2013,12,3,3,3,0,27,39
1964,tommy-hudspeth-1,1973,56,0,0,10,0,40,97
1962,chelo-huerta-1,1964,15,0,0,3,0,14,29
1895,george-huff-1,1899,16,0,0,5,0,21,40
1947,berl-huffman-1,1949,22,0,0,3,0,8,31
1911,harry-hughes-1,1941,92,0,0,31,0,125,235
1937,al-humphreys-1,1946,17,0,0,4,0,14,33
1917,claude-hunt-1,1919,3,0,0,2,0,6,10
1938,joel-hunt-1,1938,4,0,0,1,0,5,10
1919,ellery-huntington-1,1921,10,0,0,3,0,10,25
1918,shy-huntington-1,1923,12,1,0,6,1,26,44
1939,puggy-hunton-1,1941,13,0,0,3,0,14,28
1936,vic-hurt-1,1938,9,0,0,3,0,15,29
1902,charles-hutchins-1,1907,12,0,0,4,0,19,32
1901,ralph-hutchinson-1,1918,15,0,0,5,0,22,39
2011,mark-hutson-1,2011,6,0,0,1,0,0,6
1905,hc-hyatt-1,1905,2,0,0,1,0,4,7
1905,ej-hyde-1,1907,11,0,0,3,0,10,23
1982,harvey-hyde-1,1985,19,1,1,4,0,26,46
1924,mike-hyland-1,1926,7,0,0,3,0,12,22
2010,rob-ianello-1,2011,22,0,0,2,0,2,24
1962,john-idzik-1,1964,21,0,0,3,0,6,28
1911,jack-ingersoll-1,1916,8,0,0,2,0,10,18
1970,cecil-ingram-1,1972,21,0,0,3,0,12,33
1915,jonas-ingram-1,1916,8,0,0,2,0,9,19
1922,william-ingram-1,1934,42,0,0,13,0,75,126
1924,burton-ingwersen-1,1931,27,0,0,8,0,33,64
1971,jerry-ippoliti-1,1975,29,0,0,5,0,25,55
1889,wm-irvin-1,1889,1,0,0,1,0,5,7
1890,wd-irvine-1,1890,2,0,0,1,0,8,10
1944,cecil-isbell-1,1946,14,0,0,3,0,14,29
2007,jeff-jagodzinski-1,2008,8,2,1,2,1,20,28
1948,charlie-jamerson-1,1949,13,0,0,2,0,5,19
1971,don-james-1,1992,79,15,10,22,5,175,257
1947,george-james-1,1960,58,0,0,14,0,66,126
1978,dick-jamieson-1,1979,11,0,0,2,0,11,22
1898,alpha-jamison-1,1900,11,0,0,3,0,11,23
1894,hugh-janeway-1,1894,6,0,0,1,0,5,11
1904,j-janvier-1,1904,2,0,0,1,0,5,7
1970,john-jardine-1,1977,47,0,0,8,0,37,87
1967,leonard-jardine-1,1972,44,0,0,6,0,9,54
1958,clark-jarnagin-1,1959,18,0,0,2,0,2,20
1979,willie-jeffries-1,1983,32,0,0,5,0,21,55
1990,john-jenkins-1,1992,15,0,0,3,0,18,33
1958,ray-jenkins-1,1962,34,0,0,5,0,13,47
1900,fe-jennings-1,1900,4,0,0,1,0,2,8
1897,george-jennings-1,1898,7,0,0,2,0,7,18
1926,morley-jennings-1,1940,60,0,0,15,0,83,149
1957,william-jennings-1,1961,34,0,0,5,0,15,50
1896,alexander-jerrems-1,1897,6,0,0,2,0,12,18
1908,alton-johnson-1,1908,2,0,0,1,0,2,4
2002,bobby-johnson-2,2009,66,1,1,8,0,29,95
2013,curtis-johnson-4,2013,6,1,0,1,1,7,13
2012,curtis-johnson-3,2012,10,0,0,1,0,2,12
1907,edward-johnson-1,1907,3,0,0,1,0,6,10
2012,ellis-johnson-1,2012,12,0,0,1,0,0,12
1915,george-johnson-2,1917,20,0,0,3,0,8,32
1979,jimmy-johnson-2,1988,34,7,3,10,4,81,118
2011,mike-johnson-6,2011,2,1,0,1,1,0,2
2002,paul-johnson-1,2013,61,10,3,12,7,93,154
1915,walter-johnson-1,1936,51,0,0,13,0,52,109
1940,julius-johnston-1,1942,21,0,0,3,0,6,27
1912,william-johnston-1,1912,1,0,0,1,0,9,10
1926,biff-jones-1,1941,33,1,0,14,1,87,135
2007,butch-jones-1,2013,34,3,1,7,2,55,89
1966,frank-jones-1,1973,38,2,1,8,1,44,82
1964,gomer-jones-1,1965,11,1,0,2,1,9,21
1908,howard-jones-1,1940,63,5,5,28,0,188,269
2012,joey-jones-1,2013,17,0,0,2,0,8,25
1999,june-jones-1,2013,82,10,7,15,3,112,194
1971,larry-jones-1,1973,19,1,0,3,1,15,34
1984,pat-jones-1,1994,60,4,3,11,1,62,125
1891,russell-jones-1,1891,4,0,0,1,0,6,10
1909,tad-jones-1,1927,24,0,0,11,0,66,96
1950,lloyd-jordan-1,1956,31,0,0,7,0,24,58
1951,ralph-jordan-1,1975,83,12,5,25,7,175,265
1951,ernie-jorge-1,1952,8,2,1,2,1,13,22
1904,william-juneau-1,1922,28,0,0,11,0,56,89
1982,joe-kapp-1,1986,34,0,0,5,0,20,55
1978,bob-kappes-1,1978,8,0,0,1,0,3,11
1965,george-karras-1,1966,15,0,0,2,0,4,19
1947,al-kawal-1,1952,29,1,1,6,0,25,57
1912,tom-keady-1,1920,22,0,0,9,0,55,80
1999,bobby-keasler-1,2002,28,0,0,4,0,8,36
1905,willis-keinholtz-1,1905,1,0,0,1,0,8,9
1904,ws-keinholz-1,1906,5,0,0,2,0,4,13
1975,ollie-keller-1,1975,6,0,0,1,0,4,11
1951,alva-kelley-1,1961,57,0,0,11,0,40,99
1915,thomas-kelley-1,1921,10,0,0,4,0,21,33
1932,john-kellison-1,1934,15,0,0,3,0,16,31
2004,brian-kelly-2,2013,37,6,3,10,3,90,127
2009,chip-kelly-1,2012,7,4,2,4,2,46,53
1915,choc-kelly-1,1921,12,0,0,2,0,4,19
1922,thomas-kelly-1,1922,3,0,0,1,0,5,8
1904,doc-kennedy-1,1910,9,0,0,7,0,52,65
1921,maury-kent-1,1921,4,0,0,1,0,4,8
1902,robert-kent-1,1902,2,0,0,1,0,2,5
1960,joe-kerbel-1,1970,42,2,2,11,0,68,111
1940,bill-kern-1,1947,13,0,0,3,0,15,29
1937,william-kern-1,1939,12,1,0,3,1,12,25
1922,andrew-kerr-1,1946,63,0,0,23,0,120,195
1956,william-kerr-1,1959,24,0,0,4,0,15,40
1942,ellison-ketchum-1,1942,3,0,0,1,0,6,10
1917,geoffrey-keyes-1,1917,1,0,0,1,0,7,8
2002,ed-kezirian-1,2002,0,1,1,1,0,1,1
1970,walter-kichefski-1,1970,7,0,0,1,0,2,9
1907,william-kienholz-1,1907,2,0,0,1,0,6,9
2009,lane-kiffin-1,2013,21,2,0,5,2,35,56
1980,monte-kiffin-1,1982,17,0,0,3,0,16,33
2008,jerry-kill-1,2013,37,4,0,6,4,40,77
1937,edwin-kimball-1,1948,32,0,0,8,0,34,74
1939,frank-kimbrough-1,1957,80,2,2,18,0,87,174
1971,billy-kinard-1,1973,9,1,1,3,0,16,25
1981,al-kincaid-1,1991,46,0,0,7,0,33,80
1992,joe-kines-1,2006,7,1,0,2,1,3,11
1970,dewayne-king-1,1972,20,1,0,3,1,10,31
1903,edward-king-1,1903,2,0,0,1,0,6,9
1906,george-king-1,1906,3,0,0,1,0,4,8
1961,j-king-1,1969,45,2,0,9,2,44,92
1924,john-king-1,1924,5,0,0,1,0,2,8
1896,phil-king-1,1905,14,0,0,9,0,72,87
1958,robert-king-1,1972,88,0,0,15,0,60,152
1904,s-king-1,1904,4,0,0,1,0,4,8
2013,kliff-kingsbury-1,2013,5,1,1,1,0,8,13
1905,ralph-kinney-1,1905,4,0,0,1,0,10,14
1928,harry-kipke-1,1937,30,0,0,10,0,49,84
1952,alton-kircher-1,1955,25,0,0,4,0,13,40
1928,wh-kirkpatrick-1,1929,12,0,0,2,0,4,18
1938,ad-kirwan-1,1944,28,0,0,6,0,24,56
2011,tim-kish-1,2011,3,0,0,1,0,3,6
1934,jimmy-kitts-1,1947,42,2,1,9,1,46,95
1930,noble-kizer-1,1936,13,0,0,7,0,42,58
1918,william-kline-1,1922,11,0,0,4,0,20,34
1963,tony-knap-1,1981,29,0,0,8,0,54,86
1899,alden-knipe-1,1902,7,0,0,4,0,26,35
1986,mike-knoll-1,1989,40,0,0,4,0,4,44
2001,brian-knorr-1,2004,35,0,0,4,0,11,46
1907,william-knox-1,1907,0,0,0,1,0,9,10
1897,herman-koehler-1,1900,11,0,0,4,0,20,34
1905,john-koehler-1,1910,18,0,0,6,0,29,48
2000,vic-koenning-1,2011,29,1,1,4,0,6,35
1998,dirk-koetter-1,2006,44,6,4,9,2,66,110
1919,george-koonsman-1,1919,5,0,0,1,0,1,7
1938,herb-kopf-1,1942,24,0,0,5,0,18,43
1956,harold-kopp-1,1958,14,0,0,3,0,13,30
1947,kass-kovalcheck-1,1948,15,0,0,2,0,4,19
1985,dave-kragthorpe-1,1990,48,0,0,6,0,17,67
2003,steve-kragthorpe-1,2009,43,3,1,7,2,44,87
1975,roy-kramer-1,1977,7,0,0,3,0,25,33
1912,erle-kristler-1,1913,2,0,0,2,0,14,16
1987,joe-krivak-1,1991,34,1,0,5,0,20,56
1968,eddie-kriwiel-1,1968,10,0,0,1,0,0,10
1901,leon-kromer-1,1901,1,0,0,1,0,5,8
1998,mike-kruczek-1,2003,30,0,0,6,0,36,66
1978,gil-krueger-1,1982,37,0,0,5,0,17,55
1973,phil-krueger-1,1975,12,0,0,3,0,21,33
1924,ac-kruse-1,1924,4,0,0,1,0,2,6
2013,sean-kugler-1,2013,10,0,0,1,0,2,12
1948,joe-kuharich-1,1962,37,0,0,8,0,42,79
1958,frank-kush-1,1979,54,7,6,22,1,176,231
1908,frank-kyle-1,1908,5,0,0,1,0,3,8
1945,bert-labrucherie-1,1948,16,1,0,4,1,23,39
1979,larry-lacewell-1,1981,21,0,0,3,0,12,33
1949,emil-ladyko-1,1949,6,0,0,1,0,1,8
1952,hal-lahar-1,1967,63,0,0,16,0,77,150
1893,everett-lake-1,1897,5,0,0,2,0,16,22
1993,jim-lambright-1,1998,25,4,1,6,3,44,70
1975,maxie-lambright-1,1978,13,2,1,4,1,29,44
1907,otis-lamson-1,1907,4,0,0,1,0,4,9
1938,orian-landreth-1,1938,6,0,0,1,0,3,9
1908,jr-langley-1,1909,5,0,0,2,0,11,17
2001,rick-lantz-1,2001,3,0,0,1,0,0,3
1982,bob-lapointe-1,1982,6,0,0,1,0,1,8
1907,ll-larson-1,1907,1,0,0,1,0,6,8
1939,swede-larson-1,1941,8,0,0,3,0,16,27
1959,jim-larue-1,1966,37,0,0,8,0,41,80
1900,james-lathrop-1,1900,2,0,0,1,0,7,9
1963,frank-lauterbur-1,1973,60,2,2,11,0,52,115
1928,billy-laval-1,1934,26,0,0,7,0,39,71
1931,rudy-lavik-1,1937,33,0,0,7,0,19,57
1971,don-lawrence-1,1973,22,0,0,3,0,11,33
1980,jimmye-laycock-1,1983,28,0,0,4,0,16,44
1934,elmer-layden-1,1940,13,0,0,7,0,47,63
1900,biff-lea-1,1900,2,0,0,1,0,7,10
2000,mike-leach-1,2013,59,10,5,12,5,93,152
1939,frank-leahy-1,1953,13,2,1,13,1,107,129
1899,william-leary-1,1899,3,0,0,1,0,6,11
1905,jack-leavenworth-1,1905,4,0,0,1,0,6,10
2000,jim-leavitt-1,2009,44,5,3,10,2,75,119
1949,clyde-lee-2,1954,26,1,1,6,0,32,60
1989,david-lee-1,1993,41,0,0,5,0,11,53
2011,pete-lembo-1,2013,13,1,0,3,1,25,38
1971,jack-lengyel-1,1974,33,0,0,4,0,9,42
1949,jim-leonard-1,1950,6,0,0,2,0,12,18
1969,roy-lester-1,1971,25,0,0,3,0,7,32
1911,ls-letellier-1,1912,6,0,0,2,0,7,15
1907,george-levene-1,1922,15,0,0,4,0,18,38
2011,tony-levine-1,2013,12,1,1,3,0,14,26
1958,marv-levy-1,1968,60,0,0,11,0,45,110
1943,adolph-lewandowski-1,1944,12,0,0,2,0,4,16
1946,art-lewis-1,1959,55,1,0,13,1,69,126
1977,bill-lewis-1,1994,52,1,1,9,0,45,99
1910,kemp-lewis-1,1910,6,0,0,1,0,2,9
1932,lawrence-lewis-1,1935,18,0,0,4,0,11,31
1990,tom-lichtenberg-1,1994,45,0,0,5,0,8,55
1933,tom-lieb-1,1945,50,0,0,11,0,54,107
1927,harry-lightsey-1,1927,5,0,0,1,0,4,9
1906,justa-lindgren-1,1906,3,0,0,1,0,1,5
1927,adrian-lindsey-1,1938,47,0,0,11,0,38,99
1881,lucius-littauer-1,1881,1,0,0,1,0,6,8
1950,crowell-little-1,1951,14,0,0,2,0,4,18
1924,george-little-1,1926,5,0,0,3,0,17,24
1927,lou-little-1,1956,121,1,1,30,0,131,264
1927,clyde-littlefield-1,1933,18,0,0,7,0,44,68
1932,percy-locey-1,1935,14,0,0,4,0,20,37
1899,locke-1,1899,4,0,0,1,0,7,11
2009,mike-locksley-1,2011,26,0,0,3,0,2,28
1940,frank-loebs-1,1941,11,0,0,2,0,7,18
1992,steve-logan-1,2002,58,5,2,11,3,69,127
2010,mike-london-1,2013,31,1,0,4,1,18,49
2006,chuck-long-1,2008,27,0,0,3,0,9,36
1998,rocky-long-1,2013,83,8,2,14,6,90,173
1906,frank-longman-1,1907,8,0,0,2,0,5,16
1909,john-longwell-1,1911,8,0,0,2,0,6,16
1936,guy-looabaugh-1,1936,7,0,0,1,0,2,9
1939,jim-lookabaugh-1,1949,41,3,2,11,1,58,105
1974,tom-lovat-1,1976,28,0,0,3,0,5,33
1905,fred-lowenthal-1,1905,4,0,0,1,0,5,9
1910,guy-lowman-1,1918,18,0,0,5,0,19,39
1993,sonny-lubick-1,2007,74,9,3,15,6,108,182
1962,milo-lude-1,1969,51,0,0,8,0,29,81
1944,ellwood-ludwig-1,1945,7,0,0,2,0,9,17
1903,ca-lueder-1,1903,1,0,0,1,0,5,6
1989,al-luginbill-1,1993,25,1,0,5,1,31,59
1941,snorter-luster-1,1945,18,0,0,5,0,27,48
1995,bill-lynch-2,2010,83,2,0,12,2,56,139
1917,et-macdonnell-1,1917,6,0,0,1,0,1,8
1979,george-macintyre-1,1985,52,1,0,7,1,25,78
2010,mike-macintyre-1,2013,29,0,0,4,0,20,49
1966,jim-mackenzie-1,1966,4,0,0,1,0,6,10
1932,fred-mackey-1,1933,10,0,0,2,0,4,15
1978,john-mackovic-1,2003,82,7,2,16,5,95,180
1981,dick-macpherson-1,1990,46,5,3,10,1,66,116
1905,joseph-maddock-1,1924,9,0,0,5,0,21,34
1930,slip-madigan-1,1944,37,1,1,12,0,61,107
1943,harry-mahnken-1,1943,6,0,0,1,0,1,7
1919,rip-major-1,1926,34,0,0,6,0,19,54
1968,johnny-majors-1,1996,137,16,9,29,7,185,332
1936,george-malley-1,1940,20,0,0,5,0,18,46
1969,bill-mallory-1,1996,130,10,4,27,6,167,301
1974,frank-maloney-1,1980,46,1,1,7,0,32,78
2012,gus-malzahn-1,2013,5,0,0,2,0,21,26
2002,mark-mangino-1,2009,48,4,3,8,1,50,98
1975,george-mans-1,1975,6,0,0,1,0,4,10
1973,ron-marciniak-1,1976,26,0,0,4,0,17,44
1949,bob-margarita-1,1950,12,1,0,2,1,7,19
1996,steve-mariucci-1,1996,6,1,0,1,1,6,12
1988,larry-marmie-1,1991,21,0,0,4,0,22,44
1908,na-marriam-1,1908,5,0,0,1,0,3,8
2009,doug-marrone-1,2012,25,2,2,4,0,25,50
1920,robert-marshall-1,1921,11,0,0,2,0,6,18
1953,abe-martin-1,1966,64,5,1,14,3,74,145
1956,ben-martin-2,1977,116,3,0,22,2,102,228
1904,dan-martin-1,1906,7,0,0,2,0,4,12
2004,doug-martin-2,2013,63,0,0,8,0,31,94
1912,william-martin-1,1912,4,0,0,1,0,3,8
1910,aa-mason-1,1912,13,0,0,3,0,10,24
1886,frank-mason-1,1907,8,0,0,2,0,12,20
1986,glen-mason-1,2006,121,9,5,21,4,123,245
1937,john-mason-1,1937,5,0,0,1,0,2,7
1996,tom-mason-1,1996,9,0,0,1,0,1,10
1973,tony-mason-1,1979,37,1,0,7,1,41,79
1965,melvin-massucco-1,1966,10,0,0,2,0,8,20
1946,bernie-masterson-1,1947,13,0,0,2,0,5,18
1954,chuck-mather-1,1957,26,0,0,4,0,11,40
1922,robert-mathews-1,1925,14,0,0,4,0,16,32
2010,tom-matukewicz-1,2010,0,1,1,1,0,1,1
1920,john-maulbetsch-1,1928,41,0,0,9,0,32,81
1971,gene-mayfield-1,1976,39,0,0,6,0,24,65
1909,john-mayhew-1,1910,7,0,0,2,0,7,14
1925,eugene-maynor-1,1926,12,0,0,2,0,3,15
1922,bill-mcallester-1,1924,13,0,0,3,0,10,27
1900,malcolm-mcbride-1,1900,0,0,0,1,0,12,12
1990,ron-mcbride-1,2002,63,6,3,13,3,88,151
1912,george-mccaa,1913,10,0,0,2,0,8,20
1935,don-mccallister-1,1937,20,0,0,3,0,13,34
1969,jake-mccandless-1,1972,17,0,0,4,0,18,36
1995,dan-mccarney-1,2013,104,5,2,15,3,74,178
1982,bill-mccartney-1,1994,55,9,3,13,6,93,153
1919,leon-mccarty-1,1919,2,0,0,1,0,3,8
1894,william-mccauley-1,1895,2,0,0,2,0,17,20
1960,howard-mcchesney-1,1961,20,0,0,2,0,0,20
1975,dave-mcclain-1,1985,49,3,1,11,2,72,124
1904,roscoe-mcclave-1,1905,9,0,0,2,0,9,18
1962,charles-mcclendon-1,1979,61,13,7,18,6,135,203
1999,andy-mccollum-1,2005,45,0,0,7,0,34,79
1915,tt-mcconnell-1,1916,6,0,0,2,0,8,15
1909,james-mccormick-1,1909,2,0,0,1,0,6,9
1901,walter-mccornack-1,1905,8,0,0,5,0,42,55
1905,frank-mccoy-1,1905,3,0,0,1,0,4,8
1927,herb-mccracken-1,1933,13,0,0,3,0,11,26
1944,rube-mccray-1,1950,22,2,1,7,1,45,70
1920,elmer-mcdevitt-1,1921,10,0,0,2,0,4,14
1917,harry-mcdevitt-1,1917,2,0,0,1,0,4,6
1914,et-mcdonald-1,1915,6,0,0,2,0,10,17
1963,jim-mcdonald-1,1963,5,0,0,1,0,5,10
1953,ned-mcdonald-1,1955,23,0,0,3,0,5,28
1996,gene-mcdowell-1,1997,12,0,0,2,0,10,22
2012,jim-mcelwain-1,2013,14,1,1,2,0,12,26
1936,gene-mcever-1,1944,49,0,0,8,0,22,76
1942,henry-mcever-1,1945,8,0,0,2,0,9,18
1923,john-mcewan-1,1929,18,0,0,7,0,38,61
2012,garrick-mcgee-1,2013,19,0,0,2,0,5,24
1970,mike-mcgee-1,1978,55,0,0,9,0,40,99
1905,henry-mcglew-1,1905,4,0,0,1,0,5,9
1904,dan-mcgugin-1,1934,55,0,0,30,0,197,271
1916,mont-mcintire-1,1920,11,0,0,4,0,24,39
1904,john-mcintosh-1,1905,8,0,0,2,0,3,12
1933,mark-mcintosh-1,1936,13,0,0,4,0,12,30
1913,mcintyre-1,1913,3,0,0,1,0,5,8
1960,john-mckay-1,1975,40,9,6,16,3,127,175
1933,ross-mckechnie-1,1934,12,0,0,2,0,7,20
1902,john-mckee-1,1902,6,0,0,1,0,0,8
1939,allyn-mckeen-1,1948,19,1,1,9,0,65,87
1944,ed-mckeever-1,1947,8,0,0,3,0,20,29
1953,john-mckenna-1,1965,60,0,0,13,0,62,130
1922,john-mcknight-1,1922,5,0,0,1,0,2,10
1920,george-mclaren-1,1929,24,0,0,5,0,15,42
1926,deormond-mclaughry-1,1954,102,0,0,24,0,109,218
1959,john-mclaughry-1,1966,51,0,0,8,0,17,71
1921,dutch-mclean-1,1925,21,0,0,5,0,20,42
1903,john-mclean-1,1905,17,0,0,3,0,9,27
2008,greg-mcmackin-1,2011,25,2,0,4,2,29,54
1903,mark-mcmahon-1,1903,4,0,0,1,0,5,12
1945,johnnie-mcmillan-1,1954,19,1,0,3,1,6,28
1944,lonnie-mcmillan-1,1945,12,0,0,2,0,4,16
1928,bo-mcmillin-1,1947,69,0,0,20,0,92,173
1969,joe-mcmullen-1,1970,10,0,0,2,0,3,13
1905,william-mcmurray-1,1905,4,0,0,1,0,3,7
1968,yc-mcnease-1,1969,13,0,0,2,0,7,20
2010,ruffin-mcneil-1,2011,14,1,0,2,1,11,25
2009,ruffin-mcneill-1,2013,8,3,2,3,1,19,27
1948,robert-mcneish-1,1950,25,0,0,3,0,1,29
1965,john-mcvay-1,1972,41,0,0,8,0,37,82
1899,james-mcweeney-1,1899,3,0,0,1,0,6,10
2001,mac-mcwhorter-1,2001,0,1,1,1,0,1,1
1986,david-mcwilliams-1,1991,30,3,1,6,2,38,68
1922,tefler-meade-1,1934,38,0,0,9,0,23,64
1929,jack-meagher-1,1944,64,2,1,15,0,84,158
1917,hal-medford-1,1917,8,0,0,1,0,0,9
1920,chick-meehan-1,1937,11,0,0,6,0,41,57
1951,bill-meek-1,1973,88,0,0,17,0,78,173
1928,harry-mehre-1,1945,60,0,0,17,0,98,165
1949,george-melinkovich-1,1950,16,0,0,2,0,5,21
2005,bronco-mendenhall-1,2013,34,9,6,9,3,82,116
1951,edwin-merrick-1,1965,87,0,0,15,0,53,146
1903,es-merrill-1,1903,5,0,0,1,0,4,9
1944,johnny-merriman-1,1945,10,0,0,2,0,6,17
1977,john-merritt-1,1977,1,0,0,1,0,8,10
1955,bernard-mertes-1,1959,34,0,0,5,0,15,50
1907,we-metzenthin-1,1908,5,0,0,2,0,11,17
1904,sol-metzger-1,1924,33,0,0,11,0,64,102
1934,dutch-meyer-1,1952,79,7,3,19,4,109,201
1976,ron-meyer-1,1981,32,1,0,6,1,34,67
2001,urban-meyer-1,2013,25,8,7,12,1,128,153
1899,joe-meyers-1,1899,4,0,0,1,0,5,10
1977,bill-michael-1,1981,43,0,0,5,0,5,48
1971,al-michaels-1,1971,8,0,0,1,0,3,11
1942,mike-michalske-1,1946,18,0,0,5,0,18,39
1955,john-michelosen-1,1965,49,2,0,11,2,56,112
1892,dennis-michie-1,1892,1,0,0,1,0,3,5
1905,cp-miles-1,1906,3,0,0,2,0,14,19
2001,les-miles-1,2013,45,11,6,13,5,123,168
2013,trent-miles-1,2013,12,0,0,1,0,0,12
1926,frank-milburn-1,1930,22,0,0,5,0,18,43
1929,fs-miller-1,1932,15,0,0,4,0,18,37
1942,gus-miller-1,1946,15,0,0,4,0,16,31
1930,henry-miller-2,1932,5,0,0,3,0,20,28
1959,jim-miller-1,1967,34,0,0,9,0,52,86
1919,john-miller-2,1919,1,0,0,1,0,5,8
1931,rip-miller-1,1933,15,0,0,3,0,12,29
1942,floyd-millet-1,1942,5,0,0,1,0,2,7
1947,walter-milligan-1,1949,14,0,0,3,0,13,27
1967,chuck-mills-1,1977,66,0,0,11,0,49,117
1908,enoch-mills-1,1909,8,0,0,2,0,8,16
1918,joe-mills-1,1919,6,0,0,2,0,4,11
1930,tommy-mills-1,1932,16,0,0,3,0,11,29
1898,jack-minds-1,1898,5,0,0,1,0,4,9
1994,rick-minter-1,2003,63,4,1,10,3,53,117
1961,hal-mitchell-1,1963,22,0,0,3,0,8,30
1953,jack-mitchell-1,1966,59,1,1,14,0,74,140
1953,odus-mitchell-1,1966,63,1,0,14,1,69,139
1977,gary-moeller-1,1994,37,5,4,8,1,50,93
1987,al-molde-1,1996,47,1,0,10,1,62,111
1956,jack-mollenkopf-1,1969,39,1,1,14,0,84,132
2012,charley-molnar-1,2013,22,0,0,2,0,2,24
1974,bill-mondt-1,1979,36,0,0,6,0,32,69
1903,wj-monilaw-1,1908,13,0,0,5,0,28,42
2013,todd-monken-1,2013,11,0,0,1,0,1,12
1956,tommy-mont-1,1958,18,0,0,3,0,11,30
2005,shane-montgomery-1,2008,31,0,0,4,0,17,48
1985,lee-moon-1,1985,8,0,0,1,0,1,9
1945,andrew-moore-1,1948,19,0,0,4,0,18,37
1935,bernie-moore-1,1947,39,5,1,13,3,83,128
1975,bud-moore-1,1978,27,1,0,4,1,17,45
1979,jerry-moore-1,1985,48,0,0,7,0,27,77
1907,john-moorhead-1,1907,2,0,0,1,0,8,10
2012,jim-mora-1,2013,8,2,1,2,1,19,27
1909,charley-moran-1,1923,14,3,2,11,1,80,99
1943,jp-moran-1,1943,2,0,0,1,0,5,7
1925,david-morey-1,1927,10,0,0,3,0,10,21
1946,dell-morgan-1,1950,24,2,0,5,2,31,55
1902,william-morley-1,1905,11,0,0,4,0,26,40
1896,ln-morris-1,1896,5,0,0,1,0,2,7
1973,joe-morrison-1,1988,72,3,0,16,3,101,180
1916,ray-morrison-1,1948,99,1,0,29,1,142,274
2001,guy-morriss-1,2007,54,0,0,7,0,27,81
1908,dc-morrow-1,1925,19,0,0,8,0,52,76
1985,don-morton-1,1989,36,0,0,5,0,19,55
1947,slick-morton-1,1951,26,0,0,5,0,17,45
1951,frank-moseley-1,1960,42,0,0,10,0,54,100
1916,leslie-moser-1,1917,11,0,0,2,0,7,18
1914,bubs-mosley-1,1919,18,0,0,6,0,30,52
1977,wendell-mosley-1,1977,4,0,0,1,0,6,11
1959,perry-moss-1,1968,15,0,0,2,0,4,20
1905,arthur-mosse-1,1913,9,0,0,3,0,19,28
1940,maurice-moulder-1,1942,16,0,0,3,0,6,22
1891,wallace-moyle-1,1897,38,0,0,7,0,34,75
1967,darrell-mudra-1,1975,27,1,0,4,1,15,43
2009,dan-mullen-1,2013,28,3,2,5,1,36,64
1956,tuffy-mullison-1,1961,40,0,0,6,0,19,60
1997,hal-mumme-1,2008,64,2,0,8,2,31,95
1938,george-munger-1,1953,42,0,0,16,0,82,134
1946,biggie-munn-1,1953,14,1,1,8,0,58,74
1960,billy-murphy-1,1971,35,1,1,12,0,81,117
1901,fred-murphy-1,1926,43,0,0,12,0,42,90
1980,gene-murphy-1,1992,89,1,0,13,1,59,149
1971,jack-murphy-1,1976,32,1,1,6,0,35,67
1989,tim-murphy-2,1993,37,0,0,5,0,17,55
1951,bill-murray-1,1965,51,3,2,15,1,93,153
1927,frank-murray-1,1949,82,1,0,23,1,111,203
2011,will-muschamp-1,2013,16,2,1,3,1,22,38
1966,jack-musick-1,1974,33,0,0,9,0,45,81
1965,steve-musseau-1,1967,17,0,0,3,0,13,30
1909,at-myers-1,1909,4,0,0,1,0,2,6
1941,denny-myers-1,1950,27,1,0,7,1,35,66
1957,jim-myers-1,1961,29,0,0,5,0,16,50
1953,moose-myers-1,1960,33,0,0,8,0,39,77
1934,hook-mylin-1,1949,33,1,1,7,0,27,64
1979,walt-nadzak-1,1979,6,0,0,1,0,3,11
1958,ray-nagel-1,1970,71,1,1,13,0,58,132
1980,bob-naso-1,1981,18,0,0,2,0,2,20
1968,frank-navarro-1,1981,53,0,0,10,0,34,92
1921,greasy-neale-1,1933,41,1,0,11,0,56,107
1930,oe-neale-1,1931,7,0,0,2,0,8,18
1931,jess-neely-1,1966,159,7,4,36,3,187,363
1909,john-neff-1,1911,9,0,0,3,0,12,23
1968,don-nehlen-1,2000,128,13,4,30,9,202,338
1908,fred-neilson-1,1911,3,0,0,3,0,21,27
1908,harry-nelly-1,1910,5,0,0,3,0,15,22
1982,corky-nelson-1,1982,9,0,0,1,0,2,11
1938,spike-nelson-1,1941,13,0,0,2,0,5,18
1995,rick-neuheisel-1,2011,58,8,5,12,3,87,145
1895,newell-1,1896,11,0,0,2,0,10,22
1901,garish-newell-1,1901,6,0,0,1,0,1,8
1894,marshall-newell-1,1895,8,0,0,2,0,9,19
1909,william-newman-1,1909,2,0,0,1,0,3,6
1940,doc-newton-1,1944,10,0,0,2,0,6,18
1896,samuel-newton-1,1911,50,0,0,11,0,76,128
1926,bob-neyland-1,1952,31,7,2,21,5,173,216
1921,john-nicholson-2,1922,6,0,0,2,0,9,16
1946,windy-nicklaus-1,1946,1,0,0,1,0,2,3
1917,jerry-nissen-1,1917,4,0,0,1,0,1,5
2007,ken-niumatalolo-1,2013,30,6,2,7,4,49,79
1916,charles-noble-1,1922,7,0,0,2,0,7,16
1902,dennis-nolan-1,1902,1,0,0,1,0,6,8
1912,lonnie-noojin-1,1912,6,0,0,1,0,1,7
2000,gary-nord-1,2003,34,1,0,4,1,14,48
1914,nelson-norgren-1,1917,11,0,0,4,0,13,24
1930,homer-norton-1,1947,59,5,2,18,2,111,185
1894,wg-norton-1,1894,5,0,0,1,0,10,15
1996,joe-novak-1,2007,76,2,1,12,1,63,139
1893,paul-noyes-1,1893,5,0,0,1,0,2,10
1949,thomas-nugent-1,1965,75,2,0,16,2,84,162
1986,wayne-nunnely-1,1989,25,0,0,4,0,19,44
1997,houston-nutt-1,2011,81,9,4,15,5,103,184
1962,tommy-oboyle-1,1965,33,0,0,4,0,6,40
2012,bill-obrien-1,2013,9,0,0,2,0,15,24
1916,harry-obrien-1,1921,15,0,0,5,0,14,33
1997,tom-obrien-1,2012,80,10,8,16,2,115,195
1993,mike-ocain-1,1999,40,3,1,7,2,41,81
1904,john-oconnor-1,1904,3,0,0,1,0,5,8
1900,patrick-odea-1,1902,7,0,0,3,0,19,28
1916,cleo-odonnell-1,1917,8,0,0,2,0,5,14
1906,george-ohearn-1,1906,7,0,0,1,0,1,9
1994,george-oleary-1,2013,89,9,4,18,5,124,213
1905,buck-oneill-1,1922,14,0,0,3,0,12,26
1931,bunny-oakes-1,1946,57,1,0,12,1,39,100
1929,eugene-oberst-1,1930,11,0,0,2,0,6,19
1942,howard-odell-1,1952,40,0,0,11,0,58,102
1965,robert-odell-1,1970,29,0,0,6,0,24,54
1893,william-odlin-1,1893,3,0,0,1,0,6,9
1962,dick-offenhamer-1,1965,13,0,0,4,0,20,37
1924,harold-ofstie-1,1924,1,0,0,1,0,5,7
1900,walter-okeson-1,1900,6,0,0,1,0,5,11
1902,hb-olcott-1,1903,4,0,0,2,0,11,18
1915,herman-olcott-1,1917,7,0,0,3,0,16,24
1943,jordan-olivar-1,1962,63,2,1,20,1,111,182
1980,bill-oliver-1,1998,9,0,0,3,0,17,27
1933,tex-oliver-1,1946,39,0,0,11,0,55,101
1971,al-onofrio-1,1977,41,2,1,7,1,38,79
1948,bennie-oosterbaan-1,1958,33,1,1,11,0,63,100
2005,ed-orgeron-1,2013,27,1,1,4,0,17,44
1973,tom-osborne-1,1997,49,25,12,25,13,255,307
1948,william-osmanski-1,1949,14,0,0,2,0,6,20
1981,bob-otolski-1,1981,7,0,0,1,0,3,10
1901,john-outland-1,1905,8,0,0,2,0,10,20
1905,bennie-owen-1,1926,45,0,0,17,0,93,150
1979,bob-owens-1,1979,4,0,0,1,0,3,7
1957,jim-owens-1,1974,82,3,2,18,1,99,187
1995,lee-owens-1,2003,61,0,0,9,0,40,101
1905,jack-owsley-1,1925,2,0,0,2,0,15,18
1967,bill-pace-1,1972,38,0,0,6,0,22,63
1978,bob-padilla-1,1979,15,0,0,2,0,7,22
1905,john-page-1,1905,6,0,0,1,0,3,10
1926,pat-page-1,1930,24,0,0,5,0,14,41
1917,norman-paine-1,1920,7,0,0,3,0,12,20
1940,skip-palrang-1,1942,11,0,0,3,0,16,29
1972,fred-pancoast-1,1978,43,0,0,7,0,33,77
1978,bill-parcells-1,1978,8,0,0,1,0,3,11
1987,jack-pardee-1,1989,11,1,0,3,1,22,34
1966,red-parker-1,1976,59,0,0,11,0,56,117
1930,arthur-parmalee-1,1932,5,0,0,3,0,25,32
1914,joe-parrish-1,1914,3,0,0,1,0,5,9
1986,stan-parrish-1,2010,49,1,0,6,1,8,58
1956,ara-parseghian-1,1974,52,5,3,19,2,131,188
1917,poss-parsons-1,1921,10,0,0,4,0,18,30
1991,paul-pasqualoni-1,2013,77,9,6,17,3,117,195
1966,joe-paterno-1,2011,136,37,24,46,12,409,548
2000,gary-patterson-1,2013,44,12,7,14,5,120,164
2011,keith-patterson-1,2011,1,1,0,1,1,0,1
1979,pat-patterson-2,1979,0,0,0,1,0,1,1
1953,james-patton-1,1954,16,0,0,2,0,2,18
1913,norman-payne-1,1913,4,0,0,1,0,3,10
1988,joe-peace-1,1995,44,1,0,8,0,40,88
1901,jc-pearson-1,1902,12,0,0,2,0,10,24
1986,francis-peay-1,1991,51,0,0,6,0,13,66
1931,mike-pecarovich-1,1939,41,0,0,9,0,33,80
1998,dean-pees-1,2003,51,0,0,6,0,17,68
2003,bo-pelini-1,2013,24,6,3,7,3,58,82
2012,carl-pelini-1,2013,15,0,0,2,0,9,24
1977,charley-pell-1,1984,30,5,2,8,3,51,85
1983,chris-pella-1,1985,24,0,0,3,0,9,33
1914,wilder-penfield-1,1914,2,0,0,1,0,5,8
1983,ray-perkins-2,1992,24,3,3,5,0,34,59
1983,george-perles-1,1994,62,7,3,12,4,73,139
1962,doyt-perry-1,1964,4,0,0,3,0,24,29
2006,chris-petersen-1,2013,13,8,5,8,3,92,105
1960,bill-peterson-1,1971,49,4,1,12,2,65,126
1951,john-peterson-1,1952,11,0,0,2,0,4,15
2003,bobby-petrino-1,2013,30,7,4,9,3,83,113
2013,paul-petrino-1,2013,11,0,0,1,0,1,12
1985,jerry-pettibone-1,1996,84,0,0,12,0,46,132
1910,tm-pfeiffer-1,1910,3,0,0,1,0,4,7
1917,robert-pfohl-1,1917,6,0,0,1,0,0,6
1920,james-phelan-1,1947,82,3,0,27,3,136,232
1962,bum-phillips-1,1962,5,0,0,1,0,4,9
2010,joker-phillips-1,2012,24,1,0,3,1,13,37
1913,et-pickering-1,1914,7,0,0,2,0,11,18
1905,frank-piekarski-1,1907,7,0,0,3,0,25,32
1906,bemus-pierce-1,1906,3,0,0,1,0,9,12
1954,andy-pilney-1,1961,49,0,0,8,0,25,80
1991,gary-pinkel-1,2013,100,9,5,23,4,175,278
1907,joseph-pipal-1,1917,13,0,0,3,0,11,26
1943,malcolm-pitt-1,1944,7,0,0,2,0,8,15
1966,jim-pittman-1,1971,33,1,1,6,0,24,59
1923,boozer-pitts-1,1927,11,0,0,3,0,7,24
1919,james-pixlee-1,1937,26,0,0,8,0,36,70
1903,je-platt-1,1904,5,0,0,2,0,11,17
1934,curtis-player-1,1939,27,0,0,6,0,37,70
1913,henry-poaque-1,1913,1,0,0,1,0,7,10
1903,gresham-poe-1,1903,2,0,0,1,0,7,10
1896,johnny-poe-1,1896,3,0,0,1,0,5,8
2013,brian-polian-1,2013,8,0,0,1,0,4,12
1906,jb-pollard-1,1907,3,0,0,2,0,7,13
1901,jwh-pollard-1,1911,17,0,0,6,0,26,50
1937,ducky-pond-1,1940,18,0,0,4,0,12,32
1962,john-pont-1,1977,101,2,0,16,2,63,167
2010,larry-porter-1,2011,21,0,0,2,0,3,24
1940,frank-potts-1,1945,8,0,0,3,0,16,25
1920,walter-powell-1,1920,3,0,0,1,0,4,7
1977,warren-powers-1,1984,38,5,3,8,2,52,93
1922,carl-prause-1,1926,19,0,0,5,0,27,47
1919,irving-pray-1,1922,9,0,0,2,0,9,18
1942,glenn-presnell-1,1942,7,0,0,1,0,3,10
1951,edwin-price-1,1956,27,1,1,6,0,33,61
1974,larry-price-1,1976,18,0,0,3,0,15,33
1989,mike-price-1,2012,139,8,3,23,5,131,270
1926,nibs-price-1,1930,17,1,0,5,1,27,47
2006,ron-prince-1,2008,20,1,0,3,1,17,37
1917,earl-pritchard-1,1918,7,0,0,2,0,8,15
1909,joe-pritchard-1,1909,2,0,0,1,0,6,8
1955,tommy-prothro-1,1970,55,4,2,16,2,104,164
1997,bob-pruett-1,2004,23,7,5,8,2,79,102
1968,dave-puddington-1,1970,21,0,0,3,0,9,30
1904,purinton-1,1905,5,0,0,2,0,7,15
1911,ge-pyle-1,1913,5,0,0,3,0,14,21
1992,jan-quarless-1,1992,6,0,0,1,0,1,7
1906,jj-quill-1,1906,1,0,0,1,0,8,9
2006,jeff-quinn-1,2013,33,3,1,6,2,18,51
1918,harry-rabenhorst-1,1919,8,0,0,2,0,3,11
1988,david-rader-1,1999,83,2,1,12,1,50,134
1980,dennis-raetz-1,1981,10,0,0,2,0,11,22
1950,leonard-raffensperger-1,1951,10,0,0,2,0,5,18
1917,bill-raftery-1,1921,10,0,0,4,0,23,33
1966,vito-ragazzo-1,1970,41,0,0,5,0,10,51
1947,nick-ragus-1,1948,12,0,0,2,0,5,17
1951,arthur-raimo-1,1953,10,0,0,3,0,16,27
1975,ellis-rainsberger-1,1977,28,0,0,3,0,5,33
1959,john-ralston-1,1996,81,4,2,17,2,97,182
1971,sonny-randle-1,1981,54,0,0,8,0,32,87
1995,rick-rasnick-1,1999,35,0,0,5,0,20,55
1969,john-ray-2,1972,33,0,0,4,0,10,43
1974,don-read-1,1976,24,0,0,3,0,9,33
1954,francis-reagan-1,1959,41,0,0,6,0,17,58
1932,henry-redd-1,1940,37,0,0,9,0,43,88
1903,daniel-reed-1,1903,3,0,0,1,0,5,8
1978,tom-reed-1,1985,43,0,0,8,0,43,88
1993,chuck-reedy-1,1996,22,1,0,4,1,23,45
1962,trevor-rees-1,1963,11,0,0,2,0,6,18
1907,joe-reeves-1,1907,2,0,0,1,0,9,12
1902,graham-reid-1,1903,7,0,0,2,0,3,10
1901,william-reid-1,1906,3,0,0,3,0,30,34
1912,j-reilly-1,1912,1,0,0,1,0,8,9
1904,joe-reilly-1,1908,12,0,0,3,0,11,24
1976,bo-rein-1,1979,18,2,2,4,0,27,46
1939,bill-reinhard-1,1941,13,0,0,3,0,11,26
1946,bill-reinhart-1,1947,16,0,0,2,0,6,22
1987,larry-reisbig-1,1989,24,0,0,3,0,11,35
1911,lw-reiss-1,1911,1,0,0,1,0,6,9
1903,howard-reiter-1,1911,26,0,0,5,0,20,50
1971,joseph-restic-1,1981,39,0,0,11,0,59,101
1902,billy-reynolds-1,1902,2,0,0,1,0,4,7
1919,pete-reynolds-1,1926,7,0,0,3,0,20,30
1891,william-reynolds-1,1891,6,0,0,1,0,8,14
2009,paul-rhoads-1,2013,36,3,1,5,2,27,63
1930,john-rhodes-1,1932,15,0,0,3,0,10,27
1893,william-rhodes-1,1894,1,0,0,2,0,26,27
2013,matt-rhule-1,2013,10,0,0,1,0,2,12
1957,fred-rice-1,1958,14,0,0,2,0,4,18
1967,homer-rice-1,1977,28,0,0,4,0,12,41
1905,jr-richards-1,1922,18,0,0,11,0,52,78
1898,william-richards-1,1898,3,0,0,1,0,8,12
2001,mark-richt-1,2013,45,12,8,13,4,126,171
1920,george-rider-1,1922,12,0,0,3,0,9,23
1997,mike-riley-1,2013,73,8,6,13,2,88,161
1898,m-delmar-ritchie-1,1898,4,0,0,1,0,4,10
1917,j-rix-1,1921,19,0,0,5,0,16,42
1987,paul-roach-1,1990,15,3,0,4,3,35,50
1970,don-robbins-1,1973,24,0,0,4,0,20,44
1915,fred-robbins-1,1916,12,0,0,2,0,5,17
1997,dave-roberts-1,1998,18,0,0,2,0,4,22
2002,steve-roberts-1,2010,63,1,0,9,1,45,108
1923,jim-robertson-1,1925,12,0,0,3,0,19,32
1980,sam-robertson-1,1985,34,0,0,6,0,29,65
1977,eddie-robinson-1,1977,1,0,0,1,0,10,11
1898,edward-robinson-1,1925,82,1,0,24,1,140,234
2005,greg-robinson-1,2008,37,0,0,4,0,10,47
1953,harvey-robinson-1,1954,10,0,0,2,0,10,21
1976,john-robinson-1,2004,77,9,8,18,1,132,213
1889,lucius-robinson-1,1889,3,0,0,1,0,5,9
1917,sid-robinson-1,1919,5,0,0,3,0,15,20
1920,stanley-robinson-1,1923,11,0,0,4,0,21,35
1918,knute-rockne-1,1930,12,1,1,13,0,105,122
1906,foster-rockwell-1,1906,0,0,0,1,0,9,10
1909,wa-roddick-1,1909,3,0,0,1,0,2,7
1899,james-rodgers-2,1899,2,0,0,1,0,7,10
1967,pepper-rodgers-1,1979,65,2,0,13,2,73,141
2001,rich-rodriguez-1,2013,58,9,5,12,4,92,150
1969,darryl-rogers-1,1984,62,1,1,16,0,109,178
1904,edward-rogers-1,1904,2,0,0,1,0,10,12
1913,george-rogers-2,1919,16,0,0,4,0,14,33
1925,rat-rogers-1,1945,31,0,0,9,0,44,83
1951,tom-rogers-1,1955,25,0,0,5,0,21,50
1961,john-rohde-1,1963,17,0,0,3,0,12,29
1938,e-lowell-romney-1,1948,43,1,0,10,1,40,87
1923,ott-romney-1,1936,47,0,0,14,0,66,120
1951,john-roning-1,1960,54,0,0,10,0,45,101
2004,ted-roof-1,2007,42,0,0,4,0,4,46
1972,james-root-1,1979,48,0,0,8,0,39,88
1933,reginald-root-1,1933,4,0,0,1,0,4,8
1909,bill-roper-1,1909,0,0,0,1,0,7,8
1944,glen-rose-1,1945,12,0,0,2,0,8,21
1983,tim-rose-1,1989,44,1,0,7,1,31,78
1973,bobby-ross-1,2006,101,6,4,18,2,103,206
1991,tom-rossley-1,1996,48,0,0,6,0,15,66
1928,claude-rothgeb-1,1928,7,0,0,1,0,2,9
1910,cj-rothget-1,1918,18,0,0,9,0,41,61
1903,matt-rothwell-1,1903,1,0,0,1,0,6,7
1922,ed-roundy-1,1922,8,0,0,1,0,1,9
1910,reddy-rowe-1,1910,7,0,0,1,0,2,9
1940,bo-rowland-1,1951,31,0,0,7,0,28,61
1954,darrell-royal-1,1976,60,16,8,23,7,184,249
1950,joe-ruetz-1,1950,7,0,0,1,0,2,10
1962,clive-rush-1,1962,6,0,0,1,0,3,9
1915,john-rush-1,1919,9,0,0,3,0,15,24
1906,john-russ-1,1906,4,0,0,1,0,0,5
1908,russel-1,1908,3,0,0,1,0,2,5
1950,hn-russell-1,1952,15,0,0,3,0,13,30
1967,rod-rust-1,1972,32,0,0,6,0,29,62
1917,rb-rutherford-1,1923,19,0,0,7,0,28,53
1923,jack-ryan-1,1924,6,0,0,2,0,5,15
1955,lou-saban-1,1979,35,0,0,5,0,15,52
1990,nick-saban-1,2013,57,14,8,18,6,170,228
1991,charlie-sadler-1,1995,37,0,0,5,0,18,55
1979,joe-salem-1,1983,35,0,0,5,0,19,55
1904,louis-salmon-1,1904,3,0,0,1,0,5,8
1997,tony-samuel-1,2004,57,0,0,8,0,34,91
1940,red-sanders-1,1957,41,2,0,15,2,102,146
1904,foster-sanford-1,1904,3,0,0,1,0,6,9
1899,george-sanford-1,1923,39,0,0,12,0,67,112
2005,mike-sanford-1,2009,43,0,0,5,0,16,59
1945,phil-sarboe-1,1949,26,0,0,5,0,17,46
2009,steve-sarkisian-1,2013,29,4,2,5,2,35,64
1944,moody-sarno-1,1945,7,0,0,2,0,7,14
1935,ralph-sasse-1,1937,10,1,0,3,1,20,32
1946,george-sauer-1,1955,37,3,0,10,3,56,101
1955,john-sauer-1,1956,9,0,0,2,0,8,18
1923,bud-saunders-1,1926,17,0,0,4,0,9,27
1920,william-saunders-1,1938,36,0,0,12,0,49,94
1918,anthony-savage-1,1918,1,0,0,1,0,1,2
1935,mack-saxon-1,1941,28,1,0,7,1,32,65
1933,tommy-scaffe,1933,6,0,0,1,0,3,9
1918,butch-scanlon-1,1920,12,0,0,3,0,7,20
1998,chris-scelfo-1,2006,57,2,2,9,0,37,94
1983,dick-scesniak-1,1985,25,0,0,3,0,8,33
1963,bo-schembechler-1,1989,65,17,5,27,12,234,307
1906,hr-schenker-1,1906,1,0,0,1,0,9,10
1995,rip-scherer-1,2000,44,0,0,6,0,22,66
2001,greg-schiano-1,2011,67,6,5,11,1,68,135
1924,paul-schissler-1,1932,30,0,0,9,0,48,80
1962,merle-schlosser-1,1963,11,0,0,2,0,7,18
1964,warren-schmakel-1,1964,7,0,0,1,0,2,9
1922,francis-schmidt-1,1942,53,0,0,21,0,135,197
1979,howard-schnellenberger-1,2011,133,6,6,24,0,141,277
1907,harry-schoellkopf-1,1908,3,0,0,2,0,15,19
1985,paul-schudel-1,1994,48,2,0,10,2,60,112
1914,henry-schulte-1,1920,20,0,0,6,0,24,49
1935,marchy-schwartz-1,1950,50,0,0,11,0,47,103
1949,ben-schwartzwalder-1,1973,91,7,2,25,5,153,247
1994,brad-scott-1,1998,32,1,1,5,0,23,56
1934,george-scott-2,1935,12,0,0,2,0,2,14
1919,xen-scott-1,1922,9,0,0,4,0,29,41
1966,doug-scovil-1,1985,42,0,0,7,0,35,80
1971,bob-seaman-1,1973,20,0,0,3,0,13,33
1954,steve-sebo-1,1959,35,0,0,6,0,18,54
1925,tom-sebring-1,1927,11,0,0,3,0,17,30
1975,george-seifert-1,1976,15,0,0,2,0,3,18
1970,richard-selcer-1,1971,18,0,0,2,0,2,20
1975,carl-selmer-1,1976,16,0,0,2,0,5,21
2013,scott-shafer-1,2013,6,1,1,1,0,7,13
2007,randy-shannon-1,2010,22,2,0,4,2,28,50
1928,albert-sharpe-1,1931,18,0,0,4,0,11,33
1974,jimmy-sharpe-1,1977,22,0,0,4,0,21,44
1915,clark-shaughnessy-1,1946,89,1,1,24,0,108,207
1907,frank-shaughnessy-1,1907,4,0,0,1,0,4,8
1937,buck-shaw-1,1957,20,1,1,8,0,46,72
2011,david-shaw-1,2013,7,2,1,3,1,34,41
1918,gifford-shaw-1,1918,0,0,0,1,0,2,2
1915,william-shaw-1,1915,5,0,0,1,0,2,7
1990,terry-shea-1,2000,50,1,1,7,0,26,78
1980,dal-shealy-1,1981,13,0,0,2,0,9,22
1904,shack-shealy-1,1904,3,0,0,1,0,3,7
1939,joseph-sheeketski-1,1950,29,2,1,7,1,39,71
1905,james-sheldon-1,1913,26,0,0,9,0,34,63
1888,jacob-shell-1,1889,11,0,0,2,0,1,12
1977,chuck-shelton-1,1995,95,0,0,14,0,58,154
1943,henry-shenk-1,1945,16,0,0,3,0,11,30
1984,mike-sheppard-1,1991,68,0,0,8,0,25,93
1978,dick-sheridan-1,1992,42,6,2,11,4,82,128
1952,bo-sherman-1,1959,38,1,1,8,0,31,72
2008,mike-sherman-1,2011,25,2,0,4,2,25,50
1976,jackie-sherrill-1,2003,121,14,8,26,6,179,304
1911,ralph-sherwin-1,1911,2,0,0,1,0,4,8
1931,ted-shipkey-1,1951,38,1,0,10,1,52,93
1967,charles-shira-1,1972,45,0,0,6,0,16,63
1945,bernie-shively-1,1945,8,0,0,1,0,2,10
1974,jim-shofner-1,1976,31,0,0,3,0,2,33
2003,mike-shula-1,2006,23,2,1,4,1,26,49
1971,fritz-shurmur-1,1974,29,0,0,4,0,15,44
1950,larry-siemering-1,1951,6,0,0,2,0,13,21
1948,jules-sikes-1,1953,25,0,0,6,0,35,60
1995,bob-simmons-2,2000,38,1,0,6,1,30,68
1909,fm-simmons-1,1910,6,0,0,2,0,9,17
1995,matt-simon-2,1997,22,0,0,3,0,11,33
1942,claude-simons-1,1945,17,0,0,4,0,13,31
1943,chauncey-simpson-1,1945,14,1,0,3,1,12,28
1982,dan-simrell-1,1989,38,1,0,8,1,49,89
1957,steve-sinko-1,1963,36,0,0,7,0,23,62
1950,louis-skender-1,1950,6,0,0,1,0,2,9
1973,steve-sloan-1,1986,86,3,0,14,2,68,157
1989,rc-slocum-1,2002,47,11,3,14,8,123,172
1913,andy-smith-1,1925,22,2,1,13,0,86,118
1937,clipper-smith-1,1938,10,0,0,2,0,10,20
1948,clyde-smith-1,1954,40,0,0,7,0,23,65
1972,dave-smith-1,1975,20,0,0,4,0,22,44
1900,fred-smith-3,1900,3,0,0,1,0,7,12
1948,he-smith-1,1949,12,0,0,2,0,5,18
1899,harry-smith-2,1906,31,0,0,8,0,41,79
1965,homer-smith-1,1978,71,1,0,12,1,53,125
1995,john-smith-2,2012,73,7,1,13,6,83,156
1976,larry-smith-2,2000,126,10,3,24,6,143,276
1939,maurice-smith-2,1946,13,0,0,3,0,13,26
1908,paul-smith-3,1909,9,0,0,2,0,7,19
1925,richard-smith-3,1925,5,0,0,1,0,1,7
1941,riley-smith-1,1941,6,0,0,1,0,1,9
1946,robert-smith-1,1947,15,0,0,2,0,4,19
1914,wc-smith-1,1915,10,0,0,2,0,6,16
1902,wayne-smith-1,1902,6,0,0,1,0,2,9
1906,henry-smither-1,1907,7,0,0,2,0,8,17
1930,carl-snavely-1,1952,49,3,0,18,3,106,166
1989,bill-snyder-1,2013,90,15,7,22,8,178,269
1976,bruce-snyder-1,2000,107,6,3,21,3,124,237
1962,charlie-snyder-1,1967,36,0,0,6,0,23,60
2005,mark-snyder-1,2009,37,1,1,5,0,23,60
1921,ossie-solem-1,1945,83,0,0,24,0,99,194
1998,frank-solich-1,2013,69,11,4,15,7,124,193
1912,frank-sommers-1,1912,2,0,0,1,0,5,7
1922,william-spaulding-1,1938,50,0,0,14,0,67,127
2006,frank-spaziani-1,2012,29,3,1,5,2,22,51
1925,clarence-spears-1,1944,42,0,0,13,0,59,109
1955,cliff-speegle-1,1962,42,1,1,8,0,36,81
1908,frederick-speik-1,1909,8,0,0,2,0,6,14
1987,steve-spurrier-1,2013,79,19,9,24,10,219,300
1918,tal-stafford-1,1918,3,0,0,1,0,1,4
1891,amos-alonzo-stagg-1,1932,121,0,0,42,0,275,425
1941,skip-stahley-1,1961,72,0,0,13,0,41,115
1965,gene-stallings-1,1996,61,7,6,14,1,97,160
1933,dutch-stanley-1,1935,13,0,0,3,0,14,29
1973,jim-stanley-1,1978,31,2,2,6,0,35,68
1958,clay-stapleton-1,1967,53,0,0,10,0,42,99
1901,raymond-starbuck-1,1902,4,0,0,2,0,19,23
1965,clarence-stasavich-1,1969,21,1,1,5,0,27,49
1977,ralph-staub-1,1980,28,0,0,4,0,14,44
1910,leslie-stauffer-1,1910,2,0,0,1,0,5,8
1896,np-stauffer-1,1911,23,0,0,7,0,42,70
1999,kevin-steele-1,2002,36,0,0,4,0,9,45
1922,walter-steffen-1,1932,33,0,0,11,0,56,97
1920,herman-stegeman-1,1922,6,0,0,3,0,20,29
1922,herman-steiner-1,1922,2,0,0,1,0,7,10
1928,mal-stevens-1,1941,45,0,0,13,0,54,109
1959,tally-stevens-1,1960,15,0,0,2,0,6,21
2008,bill-stewart-1,2010,12,3,1,3,2,27,39
1916,edward-stewart-1,1926,23,0,0,8,0,41,69
1890,george-stewart-1,1893,3,0,0,4,0,46,49
1942,james-stewart-2,1944,18,0,0,3,0,10,30
1923,john-stewart-1,1923,4,0,0,1,0,4,8
1894,ho-stickney-1,1895,4,0,0,2,0,10,15
1937,tom-stidham-1,1945,30,1,0,9,1,47,82
1956,john-stiegman-1,1964,48,0,0,9,0,34,82
1911,jumbo-stiehm-1,1921,20,0,0,11,0,55,79
1976,lynn-stiles-1,1978,16,0,0,3,0,18,34
1901,george-stillman-1,1901,1,0,0,1,0,11,13
1933,lon-stiner-1,1948,49,1,1,14,0,74,140
1948,harry-stiteler-1,1950,21,1,1,3,0,8,31
1977,chuck-stobart-1,1994,84,1,1,14,0,69,156
1978,mike-stock-1,1982,38,0,0,5,0,6,45
2006,rick-stockstill-1,2013,49,4,1,8,3,51,100
1986,nelson-stokley-1,1998,80,0,0,13,0,62,143
1969,cal-stoll-1,1978,56,1,0,10,1,54,110
1973,dennis-stolz-1,1988,77,3,0,15,3,91,170
1910,alex-stone-1,1910,5,0,0,1,0,3,9
1908,john-stone-2,1908,6,0,0,1,0,1,7
1999,bob-stoops-1,2013,39,14,7,15,7,160,199
2013,mark-stoops-1,2013,10,0,0,1,0,2,12
2004,mike-stoops-1,2011,50,3,1,8,2,41,91
1946,william-story-1,1947,8,0,0,2,0,10,19
2010,jeff-stoutland-1,2010,1,1,0,1,1,0,1
1980,jerry-stovall-1,1983,21,1,0,4,1,22,45
1940,red-strader-1,1941,7,0,0,2,0,10,17
1964,leo-strang-1,1967,20,0,0,4,0,17,39
1969,jim-strangeland-1,1973,24,1,0,5,0,31,57
2009,steve-stripling-1,2012,0,2,2,2,0,2,2
2004,don-strock-1,2006,25,0,0,3,0,8,33
2004,charlie-strong-1,2013,16,5,3,5,2,37,53
1990,jim-strong-1,1993,27,0,0,4,0,17,44
1910,stuart-1,1911,9,0,0,2,0,4,13
1947,abe-stuber-1,1953,38,0,0,7,0,24,65
1961,charles-studley-1,1966,33,0,0,6,0,27,60
1930,harry-stuhldreher-1,1948,80,0,0,19,0,78,169
1986,bob-stull-1,1993,53,1,0,8,1,36,91
1919,lc-sullivan-1,1920,11,0,0,2,0,2,15
1992,pat-sullivan-1,1997,42,1,0,6,1,24,67
1919,rl-sullivan-1,1921,10,0,0,2,0,7,17
2008,kevin-sumlin-1,2013,23,3,2,6,1,55,78
1992,sal-sunseri-1,1992,1,0,0,1,0,0,1
1956,jim-sutherland-1,1963,39,0,0,8,0,37,80
1919,jock-sutherland-1,1938,28,4,1,20,3,144,186
1902,herman-sutter-1,1902,3,0,0,1,0,7,10
1991,bob-sutton-1,1999,55,1,0,9,1,44,100
1920,stanley-sutton-1,1920,6,0,0,1,0,4,10
1917,wayne-sutton-1,1917,5,0,0,1,0,3,8
1939,fred-swan-1,1939,7,0,0,1,0,2,9
1902,joseph-swan-1,1902,0,0,0,1,0,11,12
1968,jim-sweeney-1,1996,134,7,5,27,2,169,307
1904,edwin-sweetland-1,1914,11,0,0,3,0,13,25
2008,dabo-swinney-1,2013,23,5,2,6,3,51,74
1973,barry-switzer-1,1988,29,13,8,16,5,157,190
1971,john-symank-1,1973,21,0,0,3,0,11,32
2010,willie-taggart-1,2013,30,0,0,4,0,18,48
1974,jim-tait-1,1979,44,0,0,6,0,21,65
1934,trusty-tallman-1,1936,12,0,0,3,0,15,29
1974,augie-tammariello-1,1979,35,0,0,6,0,30,67
1923,j-wilder-tasker-1,1925,9,0,0,3,0,20,30
1942,al-tassi-1,1943,11,0,0,2,0,7,18
1964,charlie-tate-1,1970,27,2,1,7,1,34,64
1964,william-tate-1,1968,32,0,0,5,0,17,50
1942,jim-tatum-1,1958,35,6,3,14,2,100,142
1951,chuck-taylor-1,1957,29,1,0,7,1,40,71
1967,fred-taylor-1,1970,25,0,0,4,0,15,41
1949,kip-taylor-1,1954,36,0,0,6,0,20,56
1972,grant-teaff-1,1992,105,8,4,21,4,128,239
1957,eddie-teague-1,1965,44,1,1,9,0,45,91
1925,gus-tebell-1,1936,43,0,0,8,0,27,76
2002,jeff-tedford-1,2012,57,8,5,11,3,82,139
1992,buddy-teevens-1,2004,69,0,0,8,0,20,89
2007,jon-tenuta-1,2007,1,1,0,1,1,0,1
1991,lou-tepper-1,1996,31,3,1,6,2,25,58
1913,ralph-thacker-1,1914,10,0,0,2,0,1,11
1971,bob-thalman-1,1981,70,0,0,11,0,46,119
1978,roger-theder-1,1981,28,1,0,4,1,17,45
1922,glenn-thistlethwaite-1,1941,59,0,0,18,0,88,160
1931,frank-thomas-1,1946,24,6,4,15,2,115,146
1962,jack-thomas-1,1962,9,0,0,1,0,1,10
1911,frank-thompson-2,1913,19,0,0,3,0,5,24
1898,h-thompson-1,1899,15,0,0,2,0,5,21
2003,john-thompson-3,2012,20,1,1,3,0,4,24
1908,joseph-thompson-1,1912,14,0,0,5,0,30,46
1894,t-thompson-1,1894,4,0,0,1,0,3,7
2012,chris-thomsen-1,2012,0,1,1,1,0,1,1
1929,fred-thomsen-1,1941,61,1,0,13,0,56,127
1896,samuel-thorne-1,1896,1,0,0,1,0,13,14
1933,tiny-thornhill-1,1939,25,3,1,7,2,35,67
1915,jj-tigert-1,1916,2,0,0,2,0,10,15
1977,ken-tillage-1,1977,4,0,0,1,0,0,4
1991,joe-tiller-1,2008,92,11,4,18,7,126,219
1955,pete-tillman-1,1956,8,0,0,2,0,11,20
1942,sd-tilson-1,1942,2,0,0,1,0,7,10
1933,tex-tilson-1,1940,36,0,0,8,0,31,73
1948,gaynell-tinsley-1,1954,34,1,0,7,1,35,75
1918,em-tipton-1,1918,3,0,0,1,0,4,7
1996,jeff-tisdel-1,1999,22,1,1,4,0,23,45
1953,robert-titchenal-1,1964,61,0,0,11,0,45,108
1971,billy-tohill-1,1973,15,0,0,3,0,11,26
1979,bob-toledo-1,2011,102,3,1,16,2,78,180
1919,russell-tollefson-1,1919,4,0,0,1,0,1,6
1969,rick-tolley-1,1970,13,0,0,2,0,6,19
1983,ted-tollner-1,2001,68,4,1,12,3,69,138
1977,dick-tomey-1,2009,145,8,5,29,3,183,335
1943,john-tomlin-1,1943,7,0,0,1,0,2,9
1997,carl-torbush-1,2000,18,2,2,4,0,17,35
1996,chris-tormey-1,2003,49,1,1,8,0,43,92
1973,dick-towers-1,1973,7,0,0,1,0,3,11
1982,gary-tranquill-1,1986,34,0,0,5,0,20,55
1901,paul-tratt-1,1901,1,0,0,1,0,7,9
2011,don-treadwell-1,2013,21,0,0,3,0,8,29
1913,tc-trenchard-1,1915,8,0,0,3,0,19,28
2001,jim-tressel-1,2010,22,10,6,10,4,106,128
1948,jim-trimble-1,1950,14,1,0,3,1,13,30
1944,frank-tritico-1,1944,0,0,0,1,0,12,12
1974,eddy-troxel-1,1974,8,0,0,1,0,2,11
1936,irl-tubbs-1,1938,15,0,0,3,0,8,26
1995,tommy-tuberville-1,2013,81,11,7,18,4,139,220
1907,lc-turner-1,1907,5,0,0,1,0,0,5
1992,ron-turner-1,2013,72,2,1,10,1,43,115
1922,alvin-twitchell-1,1924,13,0,0,3,0,5,19
1973,bob-tyler-1,1981,34,1,1,7,0,41,78
1969,pw-underwood-1,1974,32,0,0,6,0,31,65
1897,jd-upton-1,1898,16,0,0,2,0,7,23
1966,doc-urich-1,1970,26,0,0,5,0,24,50
1975,elliot-uzelac-1,1989,64,0,0,10,0,46,110
1894,louis-vail-1,1894,3,0,0,1,0,5,8
1967,james-valek-1,1970,32,0,0,4,0,8,40
1986,bob-valesente-1,1987,17,0,0,2,0,4,22
1948,arthur-valpey-1,1949,12,0,0,2,0,5,17
1897,jesse-van-doozer-1,1897,3,0,0,1,0,5,8
1923,ja-van-fleet-1,1924,3,0,0,2,0,12,19
1916,conrad-van-gent-1,1921,4,0,0,2,0,11,17
1927,john-van-liew-1,1930,14,0,0,2,0,3,17
1908,henderson-van-surdam-1,1908,1,0,0,1,0,4,8
1926,wt-vandegraaff-1,1937,43,0,0,12,0,46,94
1997,ron-vanderlinden-1,2000,29,0,0,4,0,15,44
1963,pie-vann-1,1968,21,0,0,6,0,34,56
1915,harry-varner-1,1915,1,0,0,1,0,8,9
1947,john-vaught-1,1973,61,18,10,25,8,190,263
1931,george-veenker-1,1936,22,0,0,6,0,21,51
1978,rick-venturi-1,1980,31,0,0,3,0,1,33
1943,joe-verducci-1,1949,16,0,0,4,0,15,35
1974,dick-vermeil-1,1975,5,1,1,2,0,15,23
1944,john-vesser-1,1944,5,0,0,1,0,4,9
1893,hh-vincent-1,1894,12,0,0,2,0,7,19
1947,robert-voigts-1,1954,39,1,1,8,0,33,73
1996,fred-vonappen-1,1998,31,0,0,3,0,5,36
1958,richard-voris-1,1960,29,0,0,3,0,1,30
1940,carl-voyles-1,1947,24,0,0,5,0,21,46
1983,jim-wacker-1,1996,97,1,0,14,1,56,155
1899,frank-wade-1,1899,4,0,0,1,0,4,8
1923,wallace-wade-1,1950,49,5,2,24,2,171,230
1888,eo-wagenhurst-1,1891,18,0,0,4,0,38,56
1987,bob-wagner-1,1995,49,2,1,9,1,58,110
1942,julius-wagner-1,1946,15,0,0,3,0,8,24
1978,jim-walden-1,1994,112,1,0,17,1,69,188
1909,george-walder-1,1909,4,0,0,1,0,3,8
1929,pappy-waldorf-1,1956,89,3,0,28,3,157,265
1937,dc-walker-1,1950,51,2,1,14,1,77,134
2007,dewayne-walker-1,2012,41,1,0,5,1,10,51
1933,ed-walker-1,1937,21,1,0,5,1,28,55
1942,hilman-walker-1,1942,8,0,0,1,0,2,10
1990,randy-walker-1,2005,82,3,0,16,3,95,182
1956,wade-walker-1,1961,32,0,0,6,0,22,56
1998,bobby-wallace-2,2005,71,0,0,8,0,19,90
1978,dwight-wallace-1,1984,37,0,0,7,0,40,77
1971,jack-wallace-1,1976,43,0,0,6,0,23,67
1977,bill-walsh-1,1994,24,3,3,5,0,34,59
1970,jerry-wampfler-1,1972,25,0,0,3,0,8,33
2005,dave-wannstedt-1,2010,31,2,1,6,1,42,73
1948,dallas-ward-1,1958,41,1,1,11,0,63,110
1904,gb-ward-1,1904,5,0,0,1,0,2,7
1967,robert-ward-1,1968,17,0,0,2,0,2,19
1896,william-ward-1,1896,1,0,0,1,0,9,10
1952,murray-warmath-1,1971,84,2,1,20,1,97,191
1897,pop-warner-1,1938,103,4,1,42,2,311,446
1905,william-warner-1,1907,9,0,0,3,0,12,25
1942,john-warren-1,1942,6,0,0,1,0,2,8
1916,rice-warren-1,1916,7,0,0,1,0,2,9
1913,w-warren-1,1921,7,0,0,3,0,17,26
1910,bill-wasmund-1,1910,2,0,0,1,0,6,8
1977,bob-waters-1,1981,28,0,0,5,0,25,55
1980,frank-waters-1,1982,23,0,0,3,0,10,33
1902,wh-watkins-1,1902,1,0,0,1,0,8,9
1916,jack-watson-1,1917,5,0,0,2,0,8,15
1927,lester-watt-1,1935,42,0,0,9,0,27,76
2002,morris-watts-1,2002,2,0,0,1,0,1,5
1903,rn-watts-1,1903,3,0,0,1,0,4,8
1992,charlie-weatherbie-1,2009,115,2,2,17,0,76,191
1977,davis-weathersby-1,1977,5,0,0,1,0,5,10
1951,dewitt-weaver-1,1960,51,3,2,10,1,49,105
1960,doug-weaver-1,1975,78,0,0,9,0,11,91
1933,jim-weaver-1,1974,28,0,0,5,0,13,42
1905,archie-webb-1,1905,6,0,0,1,0,1,7
1969,bob-weber-1,1984,61,0,0,9,0,36,97
1960,bill-weeks-1,1967,41,1,1,8,0,40,82
1903,harrison-weeks-1,1904,7,0,0,2,0,10,18
1944,john-weinheimer-1,1946,12,0,0,3,0,10,22
2005,charlie-weis-1,2013,47,3,1,7,2,39,86
2013,tj-weist-1,2013,5,0,0,1,0,3,8
1919,gus-welch-1,1922,10,0,0,4,0,16,27
1942,ralph-welch-1,1947,19,0,0,5,0,23,45
2013,matt-wells-1,2013,5,1,1,1,0,9,14
1973,george-welsh-1,2000,132,15,5,28,10,189,325
1993,tommy-west-1,2009,89,9,3,15,6,80,169
1914,hm-wheaton-1,1914,2,0,0,1,0,5,8
1968,neil-wheelwright-1,1980,72,0,0,13,0,61,135
1903,charles-whelan-1,1924,33,0,0,5,0,14,48
1942,john-whelchel-1,1943,5,0,0,2,0,13,18
1920,berry-whitaker-1,1922,3,0,0,3,0,22,26
1902,arthur-white-1,1902,7,0,0,1,0,0,8
1943,harold-white-2,1945,9,0,0,3,0,14,24
1920,jl-white-1,1921,15,0,0,2,0,4,19
1972,mike-white-1,1987,72,3,0,14,3,81,157
1936,wilbur-white-1,1936,6,0,0,1,0,2,8
1908,mickey-whitehurst-1,1908,1,0,0,1,0,6,7
1902,george-whitney-1,1904,8,0,0,3,0,14,22
1906,ws-whitney-1,1907,7,0,0,2,0,6,15
2005,kyle-whittingham-1,2013,39,7,6,9,1,75,114
1970,bill-whitton-1,1970,10,0,0,1,0,0,11
1950,jennings-whitworth-1,1957,51,0,0,8,0,26,81
1946,frank-wickhorst-1,1946,7,0,0,1,0,2,9
1944,carroll-widdoes-1,1945,2,0,0,2,0,16,18
1985,woody-widenhofer-1,2001,71,0,0,9,0,27,99
1927,tad-wieman-1,1942,24,0,0,7,0,29,57
1980,paul-wiggin-1,1983,28,0,0,4,0,16,44
1913,john-wilce-1,1928,33,1,0,16,1,78,120
1971,harold-wilkes-1,1972,18,0,0,2,0,4,22
1947,bud-wilkinson-1,1963,29,8,6,17,2,145,178
1922,sam-willaman-1,1933,25,0,0,9,0,40,73
1976,al-williams-1,1977,10,0,0,2,0,11,21
1906,bob-williams-1,1926,19,0,0,6,0,21,46
1999,bobby-williams-2,2002,17,2,2,4,0,16,31
1903,cr-williams-1,1907,4,0,0,2,0,15,19
1891,henry-williams-1,1921,34,0,0,23,0,140,186
1905,j-william-williams-1,1906,8,0,0,2,0,7,17
1955,jerry-williams-1,1957,23,0,0,3,0,6,29
1920,silas-williams-1,1921,10,0,0,2,0,7,18
1949,ivy-williamson-1,1955,19,1,0,7,1,41,64
1975,richard-williamson-1,1980,35,0,0,6,0,31,66
1995,tyrone-willingham-1,2008,88,5,1,14,4,76,165
1964,ray-willsey-1,1971,42,0,0,8,0,40,83
1990,barry-wilson-1,1993,30,0,0,4,0,13,44
1969,ben-wilson-1,1970,17,0,0,2,0,2,19
1898,bert-wilson-1,1902,21,0,0,5,0,26,49
2011,kevin-wilson-1,2013,26,0,0,3,0,10,36
1979,red-wilson-1,1982,27,0,0,4,0,16,44
1978,tom-wilson-1,1981,19,2,2,4,0,21,40
1923,byron-wimberly-1,1924,9,0,0,2,0,7,16
1906,edgar-wingard-1,1906,4,0,0,1,0,6,10
1923,jj-winn-1,1923,3,0,0,1,0,4,9
1949,robert-winslow-1,1951,18,0,0,3,0,12,31
1893,wallie-winter-1,1893,0,0,0,1,0,6,6
1952,carl-wise-1,1953,13,0,0,2,0,7,20
1906,me-witham-1,1906,5,0,0,1,0,0,5
1920,myron-witham-1,1931,26,0,0,12,0,63,96
2011,everett-withers-1,2011,6,1,0,1,1,7,13
1916,paul-withington-1,1924,5,0,0,2,0,9,16
1938,dutch-witte-1,1939,12,0,0,2,0,2,16
1953,bernie-witucki-1,1954,18,0,0,2,0,3,21
1936,raymond-wolf-1,1953,54,0,0,12,0,57,117
1968,jim-wood-1,1972,30,0,0,5,0,21,52
1914,joseph-wood-1,1914,1,0,0,1,0,8,9
1938,william-wood-1,1940,13,0,0,3,0,12,28
1957,woody-woodard-1,1959,18,0,0,3,0,10,30
1947,bob-woodruff-1,1959,52,3,2,13,1,72,132
1892,george-woodruff-1,1927,41,0,0,17,0,172,216
2000,jeff-woodruff-1,2003,35,0,0,4,0,11,46
1989,sparky-woods-1,1993,28,0,0,5,0,24,55
1941,warren-woodson-1,1967,82,7,6,23,1,147,240
1953,chalmer-woodward-1,1956,20,0,0,4,0,19,40
1980,mike-working-1,1981,11,0,0,2,0,9,22
1928,c-noel-workman-1,1930,21,0,0,3,0,3,25
1930,lud-wray-1,1930,4,0,0,1,0,5,9
1977,hoover-wright-1,1977,8,0,0,1,0,3,11
1974,jim-wright-1,1978,37,0,0,5,0,17,55
1935,paul-wright-1,1937,15,0,0,3,0,7,22
2008,paul-wulff-1,2011,40,0,0,4,0,9,49
1947,bowden-wyatt-1,1962,56,4,2,16,2,99,160
1983,sam-wyche-1,1983,8,0,0,1,0,3,11
1934,ca-wynne-1,1937,19,0,0,4,0,20,39
1930,chet-wynne-1,1933,15,0,0,4,0,22,39
1911,kemper-yancey-1,1911,2,0,0,1,0,8,10
1937,jim-yeager-1,1947,36,0,0,9,0,40,79
1962,bill-yeoman-1,1986,108,11,6,25,4,160,276
1901,fielding-yost-1,1926,29,1,1,25,0,165,204
1896,bill-young-1,1896,2,0,0,1,0,5,8
1973,jim-young-1,1990,71,6,5,17,1,120,193
1923,lou-young-1,1929,15,0,0,7,0,49,66
1925,ralph-young-1,1927,14,0,0,3,0,10,25
1943,tom-young-1,1943,3,0,0,1,0,6,9
1950,william-young-1,1953,19,0,0,4,0,18,40
1923,monk-younger-1,1931,38,0,0,9,0,44,89
1957,john-yovicsin-1,1970,42,0,0,14,0,78,125
1968,joseph-yukica-1,1981,54,0,0,14,0,88,143
1977,bill-yung-1,1985,62,0,0,8,0,26,90
1960,stan-zajdel-1,1962,25,0,0,3,0,5,30
1994,ed-zaunbrecher-1,1998,36,0,0,5,0,20,56
1983,fred-zechman-1,1985,25,0,0,3,0,8,33
1924,zimmie-zimoski-1,1924,5,0,0,1,0,3,9
1950,gg-zitrides-1,1950,8,0,0,1,0,1,9
2002,ron-zook-1,2011,65,4,1,10,3,57,122
1913,robert-zuppke-1,1941,81,0,0,29,0,131,224
